,id,Time,Type,Notes,mod_Notes,dict_Notes,Mica,Windel
0,595,19:04:15 05-02-2021,Pee,Mica: True  Windel: trocken,"Windel: trocken, Mica: True","{'Windel': 'trocken', 'Mica': True}",True,trocken
1,594,17:04:41 05-02-2021,Pee,Mica: True  Windel: trocken,"Windel: trocken, Mica: True","{'Windel': 'trocken', 'Mica': True}",True,trocken
2,593,15:51:20 05-02-2021,Pee,Mica: True  Windel: trocken,"Windel: trocken, Mica: True","{'Windel': 'trocken', 'Mica': True}",True,trocken
3,592,15:32:41 05-02-2021,Pee,Mica: True,"Windel: trocken, Mica: True","{'Windel': 'trocken', 'Mica': True}",True,trocken
4,591,15:04:42 05-02-2021,Pee,Mica: False  Windel: Nass,"Windel: nass, Mica: False","{'Windel': 'nass', 'Mica': True}",True,nass
5,590,14:29:12 05-02-2021,Pee,Mica: true  Windel: trocken,"Windel: trocken, Mica: True","{'Windel': 'trocken', 'Mica': True}",True,trocken
6,589,13:14:53 05-02-2021,Pee,Mica: true  Windel: trocken,"Windel: trocken, Mica: True","{'Windel': 'trocken', 'Mica': True}",True,trocken
7,588,12:08:12 05-02-2021,Pee,Mica: true  Windel: nass,"Windel: nass, Mica: True","{'Windel': 'nass', 'Mica': True}",True,nass
8,587,11:15:16 05-02-2021,Pee,Mica: true  Windel: trocken,"Windel: trocken, Mica: True","{'Windel': 'trocken', 'Mica': True}",True,trocken
9,586,10:17:54 05-02-2021,Pee,Mica: True  Windel: Trocken,"Windel: trocken, Mica: True","{'Windel': 'trocken', 'Mica': True}",True,trocken
10,585,09:57:20 05-02-2021,Pee,Pipi in mica. Windel feucht,"Windel: feucht, Mica: True","{'Windel': 'feucht', 'Mica': True}",True,feucht
11,584,09:20:09 05-02-2021,Pee,En la mica,"Windel: trocken, Mica: True","{'Windel': 'trocken', 'Mica': True}",True,trocken
12,583,09:11:25 05-02-2021,Pee,Pañal mojado,"Windel: nass, Mica: False","{'Windel': 'nass', 'Mica': True}",True,nass
13,582,08:47:09 05-02-2021,Pee,En la mica,"Windel: trocken, Mica: True","{'Windel': 'trocken', 'Mica': True}",True,trocken
14,580,08:05:03 05-02-2021,Pee,En la mica,"Windel: trocken, Mica: True","{'Windel': 'trocken', 'Mica': True}",True,trocken
15,579,07:04:01 05-02-2021,Pee,En la mica y pañal mojado,"Windel: nass, Mica: True","{'Windel': 'nass', 'Mica': True}",True,nass
16,578,03:47:57 05-02-2021,Pee,En la mica y pañal mojado,"Windel: nass, Mica: True","{'Windel': 'nass', 'Mica': True}",True,nass
17,577,00:45:53 05-02-2021,Pee,Mica y pañal mojado,"Windel: nass, Mica: True","{'Windel': 'nass', 'Mica': True}",True,nass
18,576,21:35:17 05-01-2021,Pee,En la mica,"Windel: trocken, Mica: True","{'Windel': 'trocken', 'Mica': True}",True,trocken
19,575,20:19:24 05-01-2021,Pee,En la mica,"Windel: trocken, Mica: True","{'Windel': 'trocken', 'Mica': True}",True,trocken
20,574,19:30:51 05-01-2021,Pee,En la mica,"Windel: trocken, Mica: True","{'Windel': 'trocken', 'Mica': True}",True,trocken
21,573,18:30:23 05-01-2021,Pee,En la mica,"Windel: trocken, Mica: True","{'Windel': 'trocken', 'Mica': True}",True,trocken
22,572,17:57:01 05-01-2021,Pee,Pañal mojado,"Windel: nass, Mica: False","{'Windel': 'nass', 'Mica': True}",True,nass
23,571,17:15:26 05-01-2021,Pee,En la mica,"Windel: trocken, Mica: True","{'Windel': 'trocken', 'Mica': True}",True,trocken
25,569,15:48:40 05-01-2021,Pee,In mica  Windel trocken,"Windel: trocken, Mica: True","{'Windel': 'trocken', 'Mica': True}",True,trocken
26,568,14:47:51 05-01-2021,Pee,En la mica,"Windel: trocken, Mica: True","{'Windel': 'trocken', 'Mica': True}",True,trocken
27,567,13:59:18 05-01-2021,Pee,En la mica,"Windel: trocken, Mica: True","{'Windel': 'trocken', 'Mica': True}",True,trocken
28,566,13:50:13 05-01-2021,Pee,Pañal mojado,"Windel: nass, Mica: False","{'Windel': 'nass', 'Mica': True}",True,nass
29,564,13:05:47 05-01-2021,Pee,Pipi in mica  Windel trocken,"Windel: trocken, Mica: True","{'Windel': 'trocken', 'Mica': True}",True,trocken
30,565,12:00:04 05-01-2021,Pee,Pipi un mica  Windel trocken,"Windel: trocken, Mica: True","{'Windel': 'trocken', 'Mica': True}",True,trocken
32,562,08:39:03 05-01-2021,Pee,Pañal mojado,"Windel: nass, Mica: False","{'Windel': 'nass', 'Mica': True}",True,nass
33,559,07:02:56 05-01-2021,Pee,En la mica y pañal mojado,"Windel: nass, Mica: True","{'Windel': 'nass', 'Mica': True}",True,nass
34,561,05:50:45 05-01-2021,Pee,En la mica y pañal mojado,"Windel: nass, Mica: True","{'Windel': 'nass', 'Mica': True}",True,nass
35,560,02:50:19 05-01-2021,Pee,En la mica y pañal mojado,"Windel: nass, Mica: True","{'Windel': 'nass', 'Mica': True}",True,nass
36,558,21:45:19 04-30-2021,Pee,Mica  Windel trocken,"Windel: trocken, Mica: True","{'Windel': 'trocken', 'Mica': True}",True,trocken
37,557,20:15:15 04-30-2021,Pee,En la mica y pañal mojado,"Windel: nass, Mica: True","{'Windel': 'nass', 'Mica': True}",True,nass
38,556,19:29:01 04-30-2021,Pee,En la mica,"Windel: trocken, Mica: True","{'Windel': 'trocken', 'Mica': True}",True,trocken
39,555,18:42:17 04-30-2021,Pee,Pañal mojado,"Windel: nass, Mica: False","{'Windel': 'nass', 'Mica': True}",True,nass
40,554,15:40:39 04-30-2021,Pee,En la mica,"Windel: trocken, Mica: True","{'Windel': 'trocken', 'Mica': True}",True,trocken
41,553,15:00:54 04-30-2021,Pee,Mica y pañal mojado,"Windel: nass, Mica: True","{'Windel': 'nass', 'Mica': True}",True,nass
42,552,14:32:01 04-30-2021,Pee,En la mica,"Windel: trocken, Mica: True","{'Windel': 'trocken', 'Mica': True}",True,trocken
44,550,12:44:28 04-30-2021,Pee,En la mica,"Windel: trocken, Mica: True","{'Windel': 'trocken', 'Mica': True}",True,trocken
45,549,10:40:19 04-30-2021,Pee,En la mica,"Windel: trocken, Mica: True","{'Windel': 'trocken', 'Mica': True}",True,trocken
46,548,08:58:07 04-30-2021,Pee,Pipi in mica  Windel trocken,"Windel: trocken, Mica: True","{'Windel': 'trocken', 'Mica': True}",True,trocken
47,547,07:35:42 04-30-2021,Pee,En la mica y pañal mojado,"Windel: nass, Mica: True","{'Windel': 'nass', 'Mica': True}",True,nass
48,545,04:33:49 04-30-2021,Pee,En la mica y pañal mojado,"Windel: nass, Mica: True","{'Windel': 'nass', 'Mica': True}",True,nass
49,546,01:23:13 04-30-2021,Pee,En la mica y pañal mojado,"Windel: nass, Mica: True","{'Windel': 'nass', 'Mica': True}",True,nass
50,544,20:51:16 04-29-2021,Pee,En la mica y pañal mojado,"Windel: nass, Mica: True","{'Windel': 'nass', 'Mica': True}",True,nass
51,543,20:06:24 04-29-2021,Pee,Pipi in mica  Windel voll,"Windel: nass, Mica: True","{'Windel': 'nass', 'Mica': True}",True,nass
52,542,17:50:44 04-29-2021,Pee,En la mica,"Windel: trocken, Mica: True","{'Windel': 'trocken', 'Mica': True}",True,trocken
53,540,17:17:02 04-29-2021,Pee,Pañal mojado,"Windel: nass, Mica: False","{'Windel': 'nass', 'Mica': True}",True,nass
55,541,16:10:21 04-29-2021,Pee,Pañal mojado,"Windel: nass, Mica: False","{'Windel': 'nass', 'Mica': True}",True,nass
56,538,14:16:52 04-29-2021,Pee,En la mica y pañal mojado,"Windel: nass, Mica: True","{'Windel': 'nass', 'Mica': True}",True,nass
57,537,13:30:14 04-29-2021,Pee,En la mica y Pañal mojado,"Windel: nass, Mica: True","{'Windel': 'nass', 'Mica': True}",True,nass
58,536,12:17:17 04-29-2021,Pee,En la mica,"Windel: trocken, Mica: True","{'Windel': 'trocken', 'Mica': True}",True,trocken
59,535,10:26:52 04-29-2021,Pee,In mica. Windel trocken,"Windel: trocken, Mica: True","{'Windel': 'trocken', 'Mica': True}",True,trocken
60,533,06:03:13 04-29-2021,Pee,En la mica y pañal mojado,"Windel: nass, Mica: True","{'Windel': 'nass', 'Mica': True}",True,nass
61,534,02:55:41 04-29-2021,Pee,En la mica y pañal mojado,"Windel: nass, Mica: True","{'Windel': 'nass', 'Mica': True}",True,nass
62,532,21:30:38 04-28-2021,Pee,En la mica,"Windel: trocken, Mica: True","{'Windel': 'trocken', 'Mica': True}",True,trocken
63,531,20:34:12 04-28-2021,Pee,En la mica,"Windel: trocken, Mica: True","{'Windel': 'trocken', 'Mica': True}",True,trocken
64,530,18:47:32 04-28-2021,Pee,Pañal mojado,"Windel: nass, Mica: False","{'Windel': 'nass', 'Mica': True}",True,nass
65,529,18:11:48 04-28-2021,Pee,Pañal mojado,"Windel: nass, Mica: False","{'Windel': 'nass', 'Mica': True}",True,nass
66,528,16:04:16 04-28-2021,Pee,Pañal mojado,"Windel: nass, Mica: False","{'Windel': 'nass', 'Mica': True}",True,nass
67,527,13:51:05 04-28-2021,Pee,En la mica,"Windel: trocken, Mica: True","{'Windel': 'trocken', 'Mica': True}",True,trocken
68,526,13:14:57 04-28-2021,Pee,,None,"{'Mica': None, 'Windel': None}",,
70,524,09:57:09 04-28-2021,Pee,Mica,"Windel: nass, Mica: True","{'Windel': 'nass', 'Mica': True}",True,nass
71,523,07:16:19 04-28-2021,Pee,En la mica,"Windel: trocken, Mica: True","{'Windel': 'trocken', 'Mica': True}",True,trocken
72,522,05:17:04 04-28-2021,Pee,Pañal mojado,"Windel: nass, Mica: False","{'Windel': 'nass', 'Mica': True}",True,nass
73,520,01:55:15 04-28-2021,Pee,En la mica y pañal mojado,"Windel: nass, Mica: True","{'Windel': 'nass', 'Mica': True}",True,nass
74,521,21:15:09 04-27-2021,Pee,En la mica,"Windel: trocken, Mica: True","{'Windel': 'trocken', 'Mica': True}",True,trocken
75,519,18:45:51 04-27-2021,Pee,En la mica,"Windel: trocken, Mica: True","{'Windel': 'trocken', 'Mica': True}",True,trocken
76,518,18:11:33 04-27-2021,Pee,Pañal mojado,"Windel: nass, Mica: False","{'Windel': 'nass', 'Mica': True}",True,nass
77,517,14:25:12 04-27-2021,Pee,En la mica,"Windel: trocken, Mica: True","{'Windel': 'trocken', 'Mica': True}",True,trocken
78,516,14:00:14 04-27-2021,Pee,En la mica y pañal mojado,"Windel: nass, Mica: True","{'Windel': 'nass', 'Mica': True}",True,nass
79,515,11:15:58 04-27-2021,Pee,Pipi in Töpfchen  Windel trocken,"Windel: trocken, Mica: True","{'Windel': 'trocken', 'Mica': True}",True,trocken
80,514,10:00:42 04-27-2021,Pee,Pañal mojado,"Windel: nass, Mica: False","{'Windel': 'nass', 'Mica': True}",True,nass
81,513,09:00:12 04-27-2021,Pee,En la mica y pañal mojado,"Windel: nass, Mica: True","{'Windel': 'nass', 'Mica': True}",True,nass
82,512,06:40:03 04-27-2021,Pee,En la mica y pañal mojado,"Windel: nass, Mica: True","{'Windel': 'nass', 'Mica': True}",True,nass
83,511,02:30:55 04-27-2021,Pee,En la mica y pañal mojado,"Windel: nass, Mica: True","{'Windel': 'nass', 'Mica': True}",True,nass
84,510,21:25:21 04-26-2021,Pee,Pipi in mica. Windel nass,"Windel: nass, Mica: True","{'Windel': 'nass', 'Mica': True}",True,nass
85,509,20:16:36 04-26-2021,Pee,Pañal mojado,"Windel: nass, Mica: False","{'Windel': 'nass', 'Mica': True}",True,nass
86,508,17:57:28 04-26-2021,Pee,En la mica,"Windel: trocken, Mica: True","{'Windel': 'trocken', 'Mica': True}",True,trocken
87,507,17:20:37 04-26-2021,Pee,Pañal mojado,"Windel: nass, Mica: False","{'Windel': 'nass', 'Mica': True}",True,nass
89,505,14:55:12 04-26-2021,Pee,Pañal mojado,"Windel: nass, Mica: False","{'Windel': 'nass', 'Mica': True}",True,nass
90,506,13:25:50 04-26-2021,Pee,En la mica,"Windel: trocken, Mica: True","{'Windel': 'trocken', 'Mica': True}",True,trocken
92,502,11:44:46 04-26-2021,Pee,Pañal mojado,"Windel: nass, Mica: False","{'Windel': 'nass', 'Mica': True}",True,nass
93,501,11:06:04 04-26-2021,Pee,En la mica!,"Windel: nass, Mica: True","{'Windel': 'nass', 'Mica': True}",True,nass
94,500,10:00:57 04-26-2021,Pee,In die mica,"Windel: trocken, Mica: True","{'Windel': 'trocken', 'Mica': True}",True,trocken
95,499,09:48:12 04-26-2021,Pee,Windel nass,"Windel: nass, Mica: True","{'Windel': 'nass', 'Mica': True}",True,nass
96,498,09:00:14 04-26-2021,Pee,Windel trocken! In mica!,"Windel: trocken, Mica: True","{'Windel': 'trocken', 'Mica': True}",True,trocken
97,496,07:40:25 04-26-2021,Pee,En la mica y pañal mojado,"Windel: nass, Mica: True","{'Windel': 'nass', 'Mica': True}",True,nass
98,497,03:16:49 04-26-2021,Pee,En el cambiador y pañal mojado,"Windel: nass, Mica: False","{'Windel': 'nass', 'Mica': True}",True,nass
99,495,21:19:29 04-25-2021,Pee,En la mica,"Windel: trocken, Mica: True","{'Windel': 'trocken', 'Mica': True}",True,trocken
100,494,20:37:17 04-25-2021,Pee,En la mica,"Windel: trocken, Mica: True","{'Windel': 'trocken', 'Mica': True}",True,trocken
101,493,19:00:03 04-25-2021,Pee,,None,"{'Mica': None, 'Windel': None}",,
102,492,16:29:41 04-25-2021,Pee,Pipi ins Töpfchen. Windel feucht.,"Windel: feucht, Mica: True","{'Windel': 'feucht', 'Mica': True}",True,feucht
103,491,15:14:00 04-25-2021,Pee,En la mica,"Windel: trocken, Mica: True","{'Windel': 'trocken', 'Mica': True}",True,trocken
104,490,14:14:50 04-25-2021,Pee,Pañal mojado,"Windel: nass, Mica: False","{'Windel': 'nass', 'Mica': True}",True,nass
105,489,13:13:20 04-25-2021,Pee,En la mica,"Windel: trocken, Mica: True","{'Windel': 'trocken', 'Mica': True}",True,trocken
106,488,12:57:39 04-25-2021,Pee,Windel nass,"Windel: nass, Mica: True","{'Windel': 'nass', 'Mica': True}",True,nass
107,487,09:46:47 04-25-2021,Pee,En la mica ,"Windel: trocken, Mica: True","{'Windel': 'trocken', 'Mica': True}",True,trocken
108,486,07:15:35 04-25-2021,Pee,En la mica y pañal mojado,"Windel: nass, Mica: True","{'Windel': 'nass', 'Mica': True}",True,nass
109,484,05:36:22 04-25-2021,Pee,En la mica y pañal mojado,"Windel: nass, Mica: True","{'Windel': 'nass', 'Mica': True}",True,nass
110,485,02:30:54 04-25-2021,Pee,Pañal mojado,"Windel: nass, Mica: False","{'Windel': 'nass', 'Mica': True}",True,nass
111,483,18:58:41 04-24-2021,Pee,En la mica y pañal mojado,"Windel: nass, Mica: True","{'Windel': 'nass', 'Mica': True}",True,nass
112,482,15:18:52 04-24-2021,Pee,Mica,"Windel: nass, Mica: True","{'Windel': 'nass', 'Mica': True}",True,nass
113,481,13:44:20 04-24-2021,Pee,En la mica,"Windel: trocken, Mica: True","{'Windel': 'trocken', 'Mica': True}",True,trocken
114,480,12:03:04 04-24-2021,Pee,Mica,"Windel: nass, Mica: True","{'Windel': 'nass', 'Mica': True}",True,nass
115,479,09:34:38 04-24-2021,Pee,Mica,"Windel: nass, Mica: True","{'Windel': 'nass', 'Mica': True}",True,nass
117,477,08:50:25 04-24-2021,Pee,Pañal mojado,"Windel: nass, Mica: False","{'Windel': 'nass', 'Mica': True}",True,nass
119,475,15:26:12 04-23-2021,Pee,Pañal mojado,"Windel: nass, Mica: False","{'Windel': 'nass', 'Mica': True}",True,nass
120,474,08:45:45 04-23-2021,Pee,,None,"{'Mica': None, 'Windel': None}",,
121,473,03:19:17 04-23-2021,Pee,Pañal mojado,"Windel: nass, Mica: False","{'Windel': 'nass', 'Mica': True}",True,nass
122,472,21:06:45 04-22-2021,Pee,En la mica,"Windel: trocken, Mica: True","{'Windel': 'trocken', 'Mica': True}",True,trocken
124,470,18:32:27 04-22-2021,Pee,Windel voll,"Windel: nass, Mica: True","{'Windel': 'nass', 'Mica': True}",True,nass
126,468,15:16:59 04-22-2021,Pee,Pañal mojado,"Windel: nass, Mica: False","{'Windel': 'nass', 'Mica': True}",True,nass
127,467,11:44:53 04-22-2021,Pee,En la mica,"Windel: trocken, Mica: True","{'Windel': 'trocken', 'Mica': True}",True,trocken
128,466,10:04:41 04-22-2021,Pee,Mica,"Windel: nass, Mica: True","{'Windel': 'nass', 'Mica': True}",True,nass
129,464,09:07:40 04-22-2021,Pee,En la mica,"Windel: trocken, Mica: True","{'Windel': 'trocken', 'Mica': True}",True,trocken
130,465,08:20:02 04-22-2021,Pee,En la mica y pañal mojado,"Windel: nass, Mica: True","{'Windel': 'nass', 'Mica': True}",True,nass
131,463,05:14:54 04-22-2021,Pee,En la mica y pañal mojado,"Windel: nass, Mica: True","{'Windel': 'nass', 'Mica': True}",True,nass
132,462,02:03:13 04-22-2021,Pee,En la mica y pañal mojado,"Windel: nass, Mica: True","{'Windel': 'nass', 'Mica': True}",True,nass
133,460,20:57:39 04-21-2021,Pee,En la mica ,"Windel: trocken, Mica: True","{'Windel': 'trocken', 'Mica': True}",True,trocken
134,459,19:34:12 04-21-2021,Pee,En la mica,"Windel: trocken, Mica: True","{'Windel': 'trocken', 'Mica': True}",True,trocken
135,458,18:04:07 04-21-2021,Pee,En la mica ,"Windel: trocken, Mica: True","{'Windel': 'trocken', 'Mica': True}",True,trocken
136,457,15:18:19 04-21-2021,Pee,En la mica,"Windel: trocken, Mica: True","{'Windel': 'trocken', 'Mica': True}",True,trocken
137,456,14:35:27 04-21-2021,Pee,En la mica,"Windel: trocken, Mica: True","{'Windel': 'trocken', 'Mica': True}",True,trocken
138,455,13:50:46 04-21-2021,Pee,En la mica y pañal mojado,"Windel: nass, Mica: True","{'Windel': 'nass', 'Mica': True}",True,nass
139,454,12:16:53 04-21-2021,Pee,En el pañal,"Windel: nass, Mica: False","{'Windel': 'nass', 'Mica': True}",True,nass
140,453,10:59:50 04-21-2021,Pee,En la mica y pañal mojado,"Windel: nass, Mica: True","{'Windel': 'nass', 'Mica': True}",True,nass
141,452,10:11:57 04-21-2021,Pee,Mica!,"Windel: trocken, Mica: True","{'Windel': 'trocken', 'Mica': True}",True,trocken
142,451,09:10:46 04-21-2021,Pee,En la mica y pañal mojado,"Windel: nass, Mica: True","{'Windel': 'nass', 'Mica': True}",True,nass
143,450,07:55:28 04-21-2021,Pee,En la mica y Pañal mojado,"Windel: nass, Mica: True","{'Windel': 'nass', 'Mica': True}",True,nass
144,449,04:57:45 04-21-2021,Pee,En la mica y pañal mojado,"Windel: nass, Mica: True","{'Windel': 'nass', 'Mica': True}",True,nass
145,448,01:57:48 04-21-2021,Pee,En la mica y pañal mojado,"Windel: nass, Mica: True","{'Windel': 'nass', 'Mica': True}",True,nass
146,447,21:34:43 04-20-2021,Pee,Mica,"Windel: nass, Mica: True","{'Windel': 'nass', 'Mica': True}",True,nass
147,446,20:28:36 04-20-2021,Pee,En la mica y pañal mojado,"Windel: nass, Mica: True","{'Windel': 'nass', 'Mica': True}",True,nass
148,445,17:30:15 04-20-2021,Pee,En la mica y pañal mojado,"Windel: nass, Mica: True","{'Windel': 'nass', 'Mica': True}",True,nass
149,444,16:35:46 04-20-2021,Pee,En la mica,"Windel: trocken, Mica: True","{'Windel': 'trocken', 'Mica': True}",True,trocken
151,442,14:38:07 04-20-2021,Pee,En la mica,"Windel: trocken, Mica: True","{'Windel': 'trocken', 'Mica': True}",True,trocken
152,441,13:59:29 04-20-2021,Pee,Mica und Windel nass,"Windel: nass, Mica: True","{'Windel': 'nass', 'Mica': True}",True,nass
155,437,04:58:02 04-20-2021,Pee,Pañal mojado y en la mica,"Windel: nass, Mica: True","{'Windel': 'nass', 'Mica': True}",True,nass
156,438,01:23:22 04-20-2021,Pee,Pañal mojado y en la mica,"Windel: nass, Mica: True","{'Windel': 'nass', 'Mica': True}",True,nass
157,436,19:10:48 04-19-2021,Pee,En la mica,"Windel: trocken, Mica: True","{'Windel': 'trocken', 'Mica': True}",True,trocken
158,435,19:00:55 04-19-2021,Pee,Pañal mojado,"Windel: nass, Mica: False","{'Windel': 'nass', 'Mica': True}",True,nass
159,434,18:00:41 04-19-2021,Pee,En la mica y pañal mojado,"Windel: nass, Mica: True","{'Windel': 'nass', 'Mica': True}",True,nass
160,433,17:31:05 04-19-2021,Pee,Pañal mojado,"Windel: nass, Mica: False","{'Windel': 'nass', 'Mica': True}",True,nass
162,431,16:10:11 04-19-2021,Pee,Pañal mojado,"Windel: nass, Mica: False","{'Windel': 'nass', 'Mica': True}",True,nass
163,430,12:27:00 04-19-2021,Pee,En la mica y pañal mojado,"Windel: nass, Mica: True","{'Windel': 'nass', 'Mica': True}",True,nass
165,428,07:30:10 04-19-2021,Pee,En la mica y pañal mojado,"Windel: nass, Mica: True","{'Windel': 'nass', 'Mica': True}",True,nass
166,427,03:53:09 04-19-2021,Pee,En la mica y pañal mojado,"Windel: nass, Mica: True","{'Windel': 'nass', 'Mica': True}",True,nass
167,426,20:34:58 04-18-2021,Pee,En la mica!! ,"Windel: nass, Mica: True","{'Windel': 'nass', 'Mica': True}",True,nass
168,425,19:44:56 04-18-2021,Pee,Mica,"Windel: nass, Mica: True","{'Windel': 'nass', 'Mica': True}",True,nass
169,424,18:10:36 04-18-2021,Pee,En la mica y pañal mojado,"Windel: nass, Mica: True","{'Windel': 'nass', 'Mica': True}",True,nass
170,423,15:02:01 04-18-2021,Pee,En la mica,"Windel: trocken, Mica: True","{'Windel': 'trocken', 'Mica': True}",True,trocken
171,422,13:17:30 04-18-2021,Pee,Mica! Trocken!,"Windel: trocken, Mica: True","{'Windel': 'trocken', 'Mica': True}",True,trocken
172,421,12:02:03 04-18-2021,Pee,En la mica y pañal mojado,"Windel: nass, Mica: True","{'Windel': 'nass', 'Mica': True}",True,nass
173,420,10:50:25 04-18-2021,Pee,Mica,"Windel: nass, Mica: True","{'Windel': 'nass', 'Mica': True}",True,nass
175,416,07:56:32 04-18-2021,Pee,Pañal mojado,"Windel: nass, Mica: False","{'Windel': 'nass', 'Mica': True}",True,nass
176,418,04:30:27 04-18-2021,Pee,Pañal mojado,"Windel: nass, Mica: False","{'Windel': 'nass', 'Mica': True}",True,nass
177,417,00:58:08 04-18-2021,Pee,En la mica y pañal mojado,"Windel: nass, Mica: True","{'Windel': 'nass', 'Mica': True}",True,nass
178,415,21:25:50 04-17-2021,Pee,Pañal mojado,"Windel: nass, Mica: False","{'Windel': 'nass', 'Mica': True}",True,nass
179,414,18:03:54 04-17-2021,Pee,En la mica y pañal mojado,"Windel: nass, Mica: True","{'Windel': 'nass', 'Mica': True}",True,nass
180,412,15:35:33 04-17-2021,Pee,Mica! Trocken!,"Windel: trocken, Mica: True","{'Windel': 'trocken', 'Mica': True}",True,trocken
182,411,13:59:11 04-17-2021,Pee,En la mica,"Windel: trocken, Mica: True","{'Windel': 'trocken', 'Mica': True}",True,trocken
183,410,12:39:52 04-17-2021,Pee,En la mica,"Windel: trocken, Mica: True","{'Windel': 'trocken', 'Mica': True}",True,trocken
184,408,10:45:57 04-17-2021,Pee,Pañal mojado,"Windel: nass, Mica: False","{'Windel': 'nass', 'Mica': True}",True,nass
185,409,09:30:08 04-17-2021,Pee,Pañal mojado,"Windel: nass, Mica: False","{'Windel': 'nass', 'Mica': True}",True,nass
186,407,05:11:39 04-17-2021,Pee,En la mica y pañal mojado,"Windel: nass, Mica: True","{'Windel': 'nass', 'Mica': True}",True,nass
187,406,02:11:28 04-17-2021,Pee,En la mica y pañal mojado,"Windel: nass, Mica: True","{'Windel': 'nass', 'Mica': True}",True,nass
188,405,22:45:59 04-16-2021,Pee,In das Töpfchen! Windel feucht,"Windel: nass, Mica: True","{'Windel': 'nass', 'Mica': True}",True,nass
189,404,20:14:14 04-16-2021,Pee,En la mica y pañal mojado,"Windel: nass, Mica: True","{'Windel': 'nass', 'Mica': True}",True,nass
190,403,19:08:12 04-16-2021,Pee,Mica!!,"Windel: trocken, Mica: True","{'Windel': 'trocken', 'Mica': True}",True,trocken
191,402,18:20:52 04-16-2021,Pee,Mica!!,"Windel: trocken, Mica: True","{'Windel': 'trocken', 'Mica': True}",True,trocken
192,401,16:55:59 04-16-2021,Pee,In die mica. Windel nass,"Windel: nass, Mica: True","{'Windel': 'nass', 'Mica': True}",True,nass
193,400,15:10:06 04-16-2021,Pee,En la mica y pañal mojado,"Windel: nass, Mica: True","{'Windel': 'nass', 'Mica': True}",True,nass
194,399,13:36:29 04-16-2021,Pee,En la mica y pañal mojado,"Windel: nass, Mica: True","{'Windel': 'nass', 'Mica': True}",True,nass
195,397,10:10:24 04-16-2021,Pee,En la mica y pañal mojado,"Windel: nass, Mica: True","{'Windel': 'nass', 'Mica': True}",True,nass
196,398,08:30:52 04-16-2021,Pee,En la mica y pañal mojado,"Windel: nass, Mica: True","{'Windel': 'nass', 'Mica': True}",True,nass
197,396,05:54:40 04-16-2021,Pee,En la mica,"Windel: trocken, Mica: True","{'Windel': 'trocken', 'Mica': True}",True,trocken
199,395,05:05:50 04-16-2021,Pee,Pañal mojado,"Windel: nass, Mica: False","{'Windel': 'nass', 'Mica': True}",True,nass
200,393,01:11:04 04-16-2021,Pee,En la mica y pañal mojado,"Windel: nass, Mica: True","{'Windel': 'nass', 'Mica': True}",True,nass
201,392,20:00:59 04-15-2021,Pee,En la mica,"Windel: trocken, Mica: True","{'Windel': 'trocken', 'Mica': True}",True,trocken
202,391,18:11:28 04-15-2021,Pee,En la mica y pañal mojado,"Windel: nass, Mica: True","{'Windel': 'nass', 'Mica': True}",True,nass
203,390,16:31:31 04-15-2021,Pee,En la mica y pañal mojado,"Windel: nass, Mica: True","{'Windel': 'nass', 'Mica': True}",True,nass
204,389,15:38:51 04-15-2021,Pee,En la mica,"Windel: trocken, Mica: True","{'Windel': 'trocken', 'Mica': True}",True,trocken
206,387,13:11:16 04-15-2021,Pee,En la mica,"Windel: trocken, Mica: True","{'Windel': 'trocken', 'Mica': True}",True,trocken
208,384,06:40:11 04-15-2021,Pee,En la mica y Pañal mojado,"Windel: nass, Mica: True","{'Windel': 'nass', 'Mica': True}",True,nass
209,383,03:39:51 04-15-2021,Pee,Pañal  mojado,"Windel: nass, Mica: False","{'Windel': 'nass', 'Mica': True}",True,nass
210,382,01:45:31 04-15-2021,Pee,En la mica y pañal mojado,"Windel: nass, Mica: True","{'Windel': 'nass', 'Mica': True}",True,nass
211,380,20:17:44 04-14-2021,Pee,En la mica,"Windel: trocken, Mica: True","{'Windel': 'trocken', 'Mica': True}",True,trocken
212,381,19:40:44 04-14-2021,Pee,En la mica,"Windel: trocken, Mica: True","{'Windel': 'trocken', 'Mica': True}",True,trocken
213,379,18:53:30 04-14-2021,Pee,En la mica y pañal mojado,"Windel: nass, Mica: True","{'Windel': 'nass', 'Mica': True}",True,nass
214,377,17:51:29 04-14-2021,Pee,En la mica,"Windel: trocken, Mica: True","{'Windel': 'trocken', 'Mica': True}",True,trocken
217,374,16:13:27 04-14-2021,Pee,En la mica,"Windel: trocken, Mica: True","{'Windel': 'trocken', 'Mica': True}",True,trocken
218,373,14:50:31 04-14-2021,Pee,En la mica,"Windel: trocken, Mica: True","{'Windel': 'trocken', 'Mica': True}",True,trocken
219,372,13:37:27 04-14-2021,Pee,En la mica y pañal mojado,"Windel: nass, Mica: True","{'Windel': 'nass', 'Mica': True}",True,nass
220,371,12:45:47 04-14-2021,Pee,Pañal mojado,"Windel: nass, Mica: False","{'Windel': 'nass', 'Mica': True}",True,nass
222,369,11:40:28 04-14-2021,Pee,En la mica,"Windel: trocken, Mica: True","{'Windel': 'trocken', 'Mica': True}",True,trocken
223,368,09:54:41 04-14-2021,Pee,En la mica y pañal mojado,"Windel: nass, Mica: True","{'Windel': 'nass', 'Mica': True}",True,nass
224,367,04:43:50 04-14-2021,Pee,En la mica,"Windel: trocken, Mica: True","{'Windel': 'trocken', 'Mica': True}",True,trocken
225,366,00:49:03 04-14-2021,Pee,Pañal mojado,"Windel: nass, Mica: False","{'Windel': 'nass', 'Mica': True}",True,nass
226,365,21:15:32 04-13-2021,Pee,Pañal mojado,"Windel: nass, Mica: False","{'Windel': 'nass', 'Mica': True}",True,nass
228,364,16:50:29 04-13-2021,Pee,En la mica,"Windel: trocken, Mica: True","{'Windel': 'trocken', 'Mica': True}",True,trocken
229,362,14:23:16 04-13-2021,Pee,En la mica,"Windel: trocken, Mica: True","{'Windel': 'trocken', 'Mica': True}",True,trocken
231,360,10:55:32 04-13-2021,Pee,Pañal mojado,"Windel: nass, Mica: False","{'Windel': 'nass', 'Mica': True}",True,nass
232,359,08:50:55 04-13-2021,Pee,En la mica y pañal mojado,"Windel: nass, Mica: True","{'Windel': 'nass', 'Mica': True}",True,nass
233,358,05:06:41 04-13-2021,Pee,En la mica y pañal mojado,"Windel: nass, Mica: True","{'Windel': 'nass', 'Mica': True}",True,nass
234,357,01:54:06 04-13-2021,Pee,En la mica y pañal mojado,"Windel: nass, Mica: True","{'Windel': 'nass', 'Mica': True}",True,nass
235,356,20:15:09 04-12-2021,Pee,En la mica y pañal mojado,"Windel: nass, Mica: True","{'Windel': 'nass', 'Mica': True}",True,nass
237,354,18:37:00 04-12-2021,Pee,En la mica,"Windel: trocken, Mica: True","{'Windel': 'trocken', 'Mica': True}",True,trocken
238,353,17:23:11 04-12-2021,Pee,Pañal mojado,"Windel: nass, Mica: False","{'Windel': 'nass', 'Mica': True}",True,nass
240,351,13:03:56 04-12-2021,Pee,En la mica,"Windel: trocken, Mica: True","{'Windel': 'trocken', 'Mica': True}",True,trocken
241,350,12:38:03 04-12-2021,Pee,Pañal mojado,"Windel: nass, Mica: False","{'Windel': 'nass', 'Mica': True}",True,nass
243,348,10:56:59 04-12-2021,Pee,En la mica y pañal mojado,"Windel: nass, Mica: True","{'Windel': 'nass', 'Mica': True}",True,nass
244,347,19:30:20 04-11-2021,Pee,Pañal mojado,"Windel: nass, Mica: False","{'Windel': 'nass', 'Mica': True}",True,nass
245,346,16:26:14 04-11-2021,Pee,En la mica y pañal mojado,"Windel: nass, Mica: True","{'Windel': 'nass', 'Mica': True}",True,nass
246,345,15:10:42 04-11-2021,Pee,Pañal mojado,"Windel: nass, Mica: False","{'Windel': 'nass', 'Mica': True}",True,nass
247,344,14:00:42 04-11-2021,Pee,Windel leer  Pipi ins Töpfchen,"Windel: trocken, Mica: True","{'Windel': 'trocken', 'Mica': True}",True,trocken
248,343,11:41:51 04-11-2021,Pee,En la mica,"Windel: trocken, Mica: True","{'Windel': 'trocken', 'Mica': True}",True,trocken
250,341,10:00:31 04-11-2021,Pee,Pañal mojado y en la mica,"Windel: nass, Mica: True","{'Windel': 'nass', 'Mica': True}",True,nass
252,339,08:11:47 04-11-2021,Pee,En la mica y pañal mojado,"Windel: nass, Mica: True","{'Windel': 'nass', 'Mica': True}",True,nass
253,338,02:40:43 04-11-2021,Pee,Pañal mojado,"Windel: nass, Mica: False","{'Windel': 'nass', 'Mica': True}",True,nass
254,337,21:00:28 04-10-2021,Pee,En el cambiador,"Windel: nass, Mica: False","{'Windel': 'nass', 'Mica': True}",True,nass
255,336,18:14:27 04-10-2021,Pee,Pañal mojado,"Windel: nass, Mica: False","{'Windel': 'nass', 'Mica': True}",True,nass
256,335,17:11:57 04-10-2021,Pee,En la mica,"Windel: trocken, Mica: True","{'Windel': 'trocken', 'Mica': True}",True,trocken
257,333,16:14:43 04-10-2021,Pee,Pañal mojado,"Windel: nass, Mica: False","{'Windel': 'nass', 'Mica': True}",True,nass
258,334,15:15:07 04-10-2021,Pee,Pañal mojado,"Windel: nass, Mica: False","{'Windel': 'nass', 'Mica': True}",True,nass
260,331,12:32:50 04-10-2021,Pee,En la mica,"Windel: trocken, Mica: True","{'Windel': 'trocken', 'Mica': True}",True,trocken
261,330,11:48:35 04-10-2021,Pee,Töpfchen und Windeln,"Windel: nass, Mica: True","{'Windel': 'nass', 'Mica': True}",True,nass
262,329,09:38:40 04-10-2021,Pee,En la mica,"Windel: trocken, Mica: True","{'Windel': 'trocken', 'Mica': True}",True,trocken
263,328,09:00:29 04-10-2021,Pee,Pañal mojado,"Windel: nass, Mica: False","{'Windel': 'nass', 'Mica': True}",True,nass
264,327,07:10:52 04-10-2021,Pee,Pañal mojado,"Windel: nass, Mica: False","{'Windel': 'nass', 'Mica': True}",True,nass
265,326,04:25:38 04-10-2021,Pee,En la mica y pañal mojado,"Windel: nass, Mica: True","{'Windel': 'nass', 'Mica': True}",True,nass
266,325,21:00:04 04-09-2021,Pee,pañal mojado,"Windel: nass, Mica: False","{'Windel': 'nass', 'Mica': True}",True,nass
267,324,18:39:16 04-09-2021,Pee,En la mica,"Windel: trocken, Mica: True","{'Windel': 'trocken', 'Mica': True}",True,trocken
269,322,10:57:07 04-09-2021,Pee,En la mica y pañal mojado,"Windel: nass, Mica: True","{'Windel': 'nass', 'Mica': True}",True,nass
270,321,10:00:08 04-09-2021,Pee,En la mica,"Windel: trocken, Mica: True","{'Windel': 'trocken', 'Mica': True}",True,trocken
271,319,06:47:05 04-09-2021,Pee,En la mica y pañal mojado,"Windel: nass, Mica: True","{'Windel': 'nass', 'Mica': True}",True,nass
272,320,05:00:32 04-09-2021,Pee,Pañal mojado,"Windel: nass, Mica: False","{'Windel': 'nass', 'Mica': True}",True,nass
273,318,02:17:32 04-09-2021,Pee,En la mica y pañal mojado,"Windel: nass, Mica: True","{'Windel': 'nass', 'Mica': True}",True,nass
274,317,20:55:01 04-08-2021,Pee,En la mica y pañal mojado,"Windel: nass, Mica: True","{'Windel': 'nass', 'Mica': True}",True,nass
275,316,18:45:53 04-08-2021,Pee,En la mica,"Windel: trocken, Mica: True","{'Windel': 'trocken', 'Mica': True}",True,trocken
276,315,17:55:00 04-08-2021,Pee,Pañal mojado,"Windel: nass, Mica: False","{'Windel': 'nass', 'Mica': True}",True,nass
277,314,12:11:55 04-08-2021,Pee,En la mica,"Windel: trocken, Mica: True","{'Windel': 'trocken', 'Mica': True}",True,trocken
279,312,10:05:09 04-08-2021,Pee,En la mica,"Windel: trocken, Mica: True","{'Windel': 'trocken', 'Mica': True}",True,trocken
280,311,09:42:02 04-08-2021,Pee,En el cambiador. ,"Windel: feucht, Mica: False","{'Windel': 'feucht', 'Mica': True}",True,feucht
281,310,09:02:52 04-08-2021,Pee,En la mica y pañal mojado,"Windel: nass, Mica: True","{'Windel': 'nass', 'Mica': True}",True,nass
282,309,05:30:37 04-08-2021,Pee,Pañal mojado,"Windel: nass, Mica: False","{'Windel': 'nass', 'Mica': True}",True,nass
283,308,00:31:02 04-08-2021,Pee,Pañal mojado,"Windel: nass, Mica: False","{'Windel': 'nass', 'Mica': True}",True,nass
284,307,21:30:33 04-07-2021,Pee,Pañal mojado,"Windel: nass, Mica: False","{'Windel': 'nass', 'Mica': True}",True,nass
285,306,18:54:29 04-07-2021,Pee,En la mica,"Windel: trocken, Mica: True","{'Windel': 'trocken', 'Mica': True}",True,trocken
286,305,18:37:29 04-07-2021,Pee,Windel voll,"Windel: nass, Mica: True","{'Windel': 'nass', 'Mica': True}",True,nass
287,304,17:14:13 04-07-2021,Pee,En la mica y pañal mojado,"Windel: nass, Mica: True","{'Windel': 'nass', 'Mica': True}",True,nass
288,303,16:02:42 04-07-2021,Pee,Windel voll,"Windel: nass, Mica: True","{'Windel': 'nass', 'Mica': True}",True,nass
289,302,14:30:07 04-07-2021,Pee,Pañal mojado,"Windel: nass, Mica: False","{'Windel': 'nass', 'Mica': True}",True,nass
290,298,12:39:04 04-07-2021,Pee,Mica und Nass,"Windel: nass, Mica: True","{'Windel': 'nass', 'Mica': True}",True,nass
291,299,10:00:01 04-07-2021,Pee,En la mica y pañal mojado,"Windel: nass, Mica: True","{'Windel': 'nass', 'Mica': True}",True,nass
292,301,08:01:16 04-07-2021,Pee,,None,"{'Mica': None, 'Windel': None}",,
293,300,05:00:56 04-07-2021,Pee,En la mica y pañal mojado,"Windel: nass, Mica: True","{'Windel': 'nass', 'Mica': True}",True,nass
294,297,01:18:20 04-07-2021,Pee,En la mica y Pañal mojado,"Windel: nass, Mica: True","{'Windel': 'nass', 'Mica': True}",True,nass
296,292,17:15:21 04-06-2021,Pee,En la mica y pañal mojado,"Windel: nass, Mica: True","{'Windel': 'nass', 'Mica': True}",True,nass
297,293,16:30:11 04-06-2021,Pee,Pañal mojado,"Windel: nass, Mica: False","{'Windel': 'nass', 'Mica': True}",True,nass
298,291,13:33:52 04-06-2021,Pee,En la mica y pañal mojado,"Windel: nass, Mica: True","{'Windel': 'nass', 'Mica': True}",True,nass
299,289,10:35:24 04-06-2021,Pee,En la mica y pañal mojado,"Windel: nass, Mica: True","{'Windel': 'nass', 'Mica': True}",True,nass
300,290,08:42:41 04-06-2021,Pee,Pañal mojado,"Windel: nass, Mica: False","{'Windel': 'nass', 'Mica': True}",True,nass
301,288,05:25:54 04-06-2021,Pee,En la mica,"Windel: trocken, Mica: True","{'Windel': 'trocken', 'Mica': True}",True,trocken
303,286,04:58:10 04-06-2021,Pee,Pañal mojado,"Windel: nass, Mica: False","{'Windel': 'nass', 'Mica': True}",True,nass
304,285,20:59:11 04-05-2021,Pee,En la mica y pañal mojado,"Windel: nass, Mica: True","{'Windel': 'nass', 'Mica': True}",True,nass
306,283,13:56:13 04-05-2021,Pee,En la mica y pañal mojado,"Windel: nass, Mica: True","{'Windel': 'nass', 'Mica': True}",True,nass
308,282,08:40:28 04-05-2021,Pee,Pañal mojado y en la mica,"Windel: nass, Mica: True","{'Windel': 'nass', 'Mica': True}",True,nass
309,280,05:07:31 04-05-2021,Pee,En la mica y pañal mojado,"Windel: nass, Mica: True","{'Windel': 'nass', 'Mica': True}",True,nass
310,279,00:47:36 04-05-2021,Pee,En la mica y Pañal mojado,"Windel: nass, Mica: True","{'Windel': 'nass', 'Mica': True}",True,nass
311,278,21:14:48 04-04-2021,Pee,En la mica y pañal mojado,"Windel: nass, Mica: True","{'Windel': 'nass', 'Mica': True}",True,nass
312,277,19:05:17 04-04-2021,Pee,En la mica,"Windel: trocken, Mica: True","{'Windel': 'trocken', 'Mica': True}",True,trocken
313,276,13:18:11 04-04-2021,Pee,Mica,"Windel: nass, Mica: True","{'Windel': 'nass', 'Mica': True}",True,nass
314,275,08:00:10 04-04-2021,Pee,En la mica y pañal mojado,"Windel: nass, Mica: True","{'Windel': 'nass', 'Mica': True}",True,nass
316,273,23:13:17 04-03-2021,Pee,Pañal mojado,"Windel: nass, Mica: False","{'Windel': 'nass', 'Mica': True}",True,nass
317,272,18:11:43 04-03-2021,Pee,Pañal mojado,"Windel: nass, Mica: False","{'Windel': 'nass', 'Mica': True}",True,nass
318,271,17:22:34 04-03-2021,Pee,En la mica y pañal mojado,"Windel: nass, Mica: True","{'Windel': 'nass', 'Mica': True}",True,nass
320,269,14:51:18 04-03-2021,Pee,Pañal mojado,"Windel: nass, Mica: False","{'Windel': 'nass', 'Mica': True}",True,nass
322,267,08:45:34 04-03-2021,Pee,Pañal mojado,"Windel: nass, Mica: False","{'Windel': 'nass', 'Mica': True}",True,nass
323,265,06:19:19 04-03-2021,Pee,En la mica,"Windel: trocken, Mica: True","{'Windel': 'trocken', 'Mica': True}",True,trocken
324,259,06:05:24 04-03-2021,Pee,Pañal mojado,"Windel: nass, Mica: False","{'Windel': 'nass', 'Mica': True}",True,nass
325,260,00:09:59 04-03-2021,Pee,En la mica y pañal mojado,"Windel: nass, Mica: True","{'Windel': 'nass', 'Mica': True}",True,nass
326,262,21:00:44 04-02-2021,Pee,En la mica,"Windel: trocken, Mica: True","{'Windel': 'trocken', 'Mica': True}",True,trocken
327,263,19:15:08 04-02-2021,Pee,En la mica y pañal mojado,"Windel: nass, Mica: True","{'Windel': 'nass', 'Mica': True}",True,nass
328,266,18:19:34 04-02-2021,Pee,En la mica y pañal mojado,"Windel: nass, Mica: True","{'Windel': 'nass', 'Mica': True}",True,nass
329,264,15:17:29 04-02-2021,Pee,En la mica y pañal mojado,"Windel: nass, Mica: True","{'Windel': 'nass', 'Mica': True}",True,nass
330,258,13:20:45 04-02-2021,Pee,Pipi Töpfchen,"Windel: nass, Mica: True","{'Windel': 'nass', 'Mica': True}",True,nass
331,257,09:34:48 04-02-2021,Pee,Töpfchen + Windel (gut voll),"Windel: nass, Mica: True","{'Windel': 'nass', 'Mica': True}",True,nass
333,261,06:11:15 04-02-2021,Pee,En la mica y pañal mojado,"Windel: nass, Mica: True","{'Windel': 'nass', 'Mica': True}",True,nass
334,255,00:22:04 04-02-2021,Pee,,None,"{'Mica': None, 'Windel': None}",,
336,253,00:02:05 04-02-2021,Pee,Pañal mojado,"Windel: nass, Mica: False","{'Windel': 'nass', 'Mica': True}",True,nass
337,252,17:41:48 04-01-2021,Pee,Pañal mojado,"Windel: nass, Mica: False","{'Windel': 'nass', 'Mica': True}",True,nass
338,251,13:47:44 04-01-2021,Pee,En la mica y pañal mojado,"Windel: nass, Mica: True","{'Windel': 'nass', 'Mica': True}",True,nass
339,250,08:58:20 04-01-2021,Pee,En la mica y pañal mojado,"Windel: nass, Mica: True","{'Windel': 'nass', 'Mica': True}",True,nass
341,248,05:57:46 04-01-2021,Pee,En la mica y pañal mojado,"Windel: nass, Mica: True","{'Windel': 'nass', 'Mica': True}",True,nass
342,247,00:22:08 04-01-2021,Pee,Windel voll,"Windel: nass, Mica: True","{'Windel': 'nass', 'Mica': True}",True,nass
343,246,21:04:15 03-31-2021,Pee,En la mica y pañal mojado,"Windel: nass, Mica: True","{'Windel': 'nass', 'Mica': True}",True,nass
344,245,18:00:09 03-31-2021,Pee,En la mica,"Windel: trocken, Mica: True","{'Windel': 'trocken', 'Mica': True}",True,trocken
345,244,14:40:29 03-31-2021,Pee,En la mica y pañal mojado,"Windel: nass, Mica: True","{'Windel': 'nass', 'Mica': True}",True,nass
347,242,10:59:10 03-31-2021,Pee,En la mica,"Windel: trocken, Mica: True","{'Windel': 'trocken', 'Mica': True}",True,trocken
348,241,09:43:11 03-31-2021,Pee,Töpfchen und Windel,"Windel: nass, Mica: True","{'Windel': 'nass', 'Mica': True}",True,nass
350,239,06:36:05 03-31-2021,Pee,En la mica y pañal mojado,"Windel: nass, Mica: True","{'Windel': 'nass', 'Mica': True}",True,nass
351,238,03:00:06 03-31-2021,Pee,Pañal mojado,"Windel: nass, Mica: False","{'Windel': 'nass', 'Mica': True}",True,nass
352,237,09:48:38 03-30-2021,Pee,Windel voll,"Windel: nass, Mica: True","{'Windel': 'nass', 'Mica': True}",True,nass
353,236,05:41:40 03-30-2021,Pee,En la mica,"Windel: trocken, Mica: True","{'Windel': 'trocken', 'Mica': True}",True,trocken
354,235,05:30:13 03-30-2021,Pee,Pañal mojado,"Windel: nass, Mica: False","{'Windel': 'nass', 'Mica': True}",True,nass
356,234,16:25:16 03-29-2021,Pee,En la mica y pañal mojado,"Windel: nass, Mica: True","{'Windel': 'nass', 'Mica': True}",True,nass
357,232,09:30:33 03-29-2021,Pee,Pañal mojado y en la mica,"Windel: nass, Mica: True","{'Windel': 'nass', 'Mica': True}",True,nass
359,230,20:40:17 03-28-2021,Pee,En la mica y pañal mojado,"Windel: nass, Mica: True","{'Windel': 'nass', 'Mica': True}",True,nass
360,229,17:23:17 03-28-2021,Pee,En la mica y pañal mojado,"Windel: nass, Mica: True","{'Windel': 'nass', 'Mica': True}",True,nass
361,228,12:45:24 03-28-2021,Pee,Während nackt Zeit,"Windel: nass, Mica: False","{'Windel': 'nass', 'Mica': True}",True,nass
364,226,09:40:27 03-28-2021,Pee,En el pañal,"Windel: nass, Mica: False","{'Windel': 'nass', 'Mica': True}",True,nass
365,224,16:31:08 03-27-2021,Pee,,None,"{'Mica': None, 'Windel': None}",,
366,223,16:20:39 03-27-2021,Pee,En la mica y pañal mojado,"Windel: nass, Mica: True","{'Windel': 'nass', 'Mica': True}",True,nass
367,222,14:20:51 03-27-2021,Pee,Pañal mojado y en la mica,"Windel: nass, Mica: True","{'Windel': 'nass', 'Mica': True}",True,nass
368,220,10:40:32 03-27-2021,Pee,Pañal mojado y en la mica,"Windel: nass, Mica: True","{'Windel': 'nass', 'Mica': True}",True,nass
370,218,05:55:40 03-27-2021,Pee,En el pañal,"Windel: nass, Mica: False","{'Windel': 'nass', 'Mica': True}",True,nass
371,217,04:49:53 03-27-2021,Pee,En el pañal,"Windel: nass, Mica: False","{'Windel': 'nass', 'Mica': True}",True,nass
372,216,01:35:33 03-27-2021,Pee,En la mica y pañal mojado,"Windel: nass, Mica: True","{'Windel': 'nass', 'Mica': True}",True,nass
374,214,17:15:01 03-26-2021,Pee,En la mica,"Windel: trocken, Mica: True","{'Windel': 'trocken', 'Mica': True}",True,trocken
375,213,16:41:56 03-26-2021,Pee,En el pañal,"Windel: nass, Mica: False","{'Windel': 'nass', 'Mica': True}",True,nass
376,212,12:08:31 03-26-2021,Pee,Pañal mojado,"Windel: nass, Mica: False","{'Windel': 'nass', 'Mica': True}",True,nass
377,211,08:36:21 03-26-2021,Pee,En el pañal,"Windel: nass, Mica: False","{'Windel': 'nass', 'Mica': True}",True,nass
378,210,06:22:58 03-26-2021,Pee,En la mica y pañal mojado,"Windel: nass, Mica: True","{'Windel': 'nass', 'Mica': True}",True,nass
379,209,04:40:49 03-26-2021,Pee,En la mica y pañal mojado ,"Windel: nass, Mica: True","{'Windel': 'nass', 'Mica': True}",True,nass
380,208,00:07:09 03-26-2021,Pee,Pañal mojado,"Windel: nass, Mica: False","{'Windel': 'nass', 'Mica': True}",True,nass
381,206,17:50:35 03-25-2021,Pee,En la mica y en el pañal,"Windel: nass, Mica: True","{'Windel': 'nass', 'Mica': True}",True,nass
382,207,15:00:17 03-25-2021,Pee,En la mica y pañal,"Windel: nass, Mica: True","{'Windel': 'nass', 'Mica': True}",True,nass
383,204,12:30:27 03-25-2021,Pee,En la mica y en el pañal,"Windel: nass, Mica: True","{'Windel': 'nass', 'Mica': True}",True,nass
384,205,09:00:57 03-25-2021,Pee,,None,"{'Mica': None, 'Windel': None}",,
386,202,06:15:30 03-25-2021,Pee,Pañal mojado,"Windel: nass, Mica: False","{'Windel': 'nass', 'Mica': True}",True,nass
387,201,03:10:47 03-25-2021,Pee,Pañal mojado,"Windel: nass, Mica: False","{'Windel': 'nass', 'Mica': True}",True,nass
388,200,10:01:45 03-24-2021,Pee,En la mica,"Windel: trocken, Mica: True","{'Windel': 'trocken', 'Mica': True}",True,trocken
389,199,09:08:23 03-24-2021,Pee,Windel voll,"Windel: nass, Mica: True","{'Windel': 'nass', 'Mica': True}",True,nass
391,197,05:35:26 03-24-2021,Pee,En la mica y pañal mojado,"Windel: nass, Mica: True","{'Windel': 'nass', 'Mica': True}",True,nass
392,196,02:40:15 03-24-2021,Pee,En la mica y pañal mojado,"Windel: nass, Mica: True","{'Windel': 'nass', 'Mica': True}",True,nass
393,195,16:31:18 03-23-2021,Pee,En la mica,"Windel: trocken, Mica: True","{'Windel': 'trocken', 'Mica': True}",True,trocken
394,194,14:02:19 03-23-2021,Pee,Pañal mojado,"Windel: nass, Mica: False","{'Windel': 'nass', 'Mica': True}",True,nass
395,193,11:30:16 03-23-2021,Pee,En la mica después de llegar,"Windel: trocken, Mica: True","{'Windel': 'trocken', 'Mica': True}",True,trocken
397,192,08:20:40 03-23-2021,Pee,Pañal mojado,"Windel: nass, Mica: False","{'Windel': 'nass', 'Mica': True}",True,nass
398,190,04:57:25 03-23-2021,Pee,En la mica y pañal mojado,"Windel: nass, Mica: True","{'Windel': 'nass', 'Mica': True}",True,nass
399,189,00:08:10 03-23-2021,Pee,Pañal mojado,"Windel: nass, Mica: False","{'Windel': 'nass', 'Mica': True}",True,nass
400,188,20:39:34 03-22-2021,Pee,Windel voll und in Töpfchen,"Windel: nass, Mica: True","{'Windel': 'nass', 'Mica': True}",True,nass
402,185,12:16:16 03-22-2021,Pee,En la mica,"Windel: trocken, Mica: True","{'Windel': 'trocken', 'Mica': True}",True,trocken
403,184,12:05:57 03-22-2021,Pee,Pañal mojado,"Windel: nass, Mica: False","{'Windel': 'nass', 'Mica': True}",True,nass
405,182,08:48:44 03-22-2021,Pee,Mica,"Windel: nass, Mica: True","{'Windel': 'nass', 'Mica': True}",True,nass
406,179,06:19:15 03-22-2021,Pee,En la mica y pañal mojado,"Windel: nass, Mica: True","{'Windel': 'nass', 'Mica': True}",True,nass
408,178,04:46:10 03-22-2021,Pee,Pañal mojado,"Windel: nass, Mica: False","{'Windel': 'nass', 'Mica': True}",True,nass
409,177,03:13:31 03-22-2021,Pee,En el pañal y mica,"Windel: nass, Mica: True","{'Windel': 'nass', 'Mica': True}",True,nass
410,176,23:46:51 03-21-2021,Pee,Pañal mojado,"Windel: nass, Mica: False","{'Windel': 'nass', 'Mica': True}",True,nass
411,175,20:31:40 03-21-2021,Pee,In Windel,"Windel: nass, Mica: True","{'Windel': 'nass', 'Mica': True}",True,nass
413,173,14:40:28 03-21-2021,Pee,En la mica y pañal,"Windel: nass, Mica: True","{'Windel': 'nass', 'Mica': True}",True,nass
414,172,12:35:48 03-21-2021,Pee,En la mica y pañal lleno,"Windel: nass, Mica: True","{'Windel': 'nass', 'Mica': True}",True,nass
416,171,09:06:32 03-21-2021,Pee,Pañal lleno,"Windel: nass, Mica: False","{'Windel': 'nass', 'Mica': True}",True,nass
417,169,05:46:22 03-21-2021,Pee,En el pañal,"Windel: nass, Mica: False","{'Windel': 'nass', 'Mica': True}",True,nass
418,168,00:13:29 03-21-2021,Pee,Pañal mojado,"Windel: nass, Mica: False","{'Windel': 'nass', 'Mica': True}",True,nass
419,167,20:10:05 03-20-2021,Pee,Töpfchen und Windel,"Windel: nass, Mica: True","{'Windel': 'nass', 'Mica': True}",True,nass
420,166,17:10:42 03-20-2021,Pee,Mica y pañal lleno,"Windel: nass, Mica: True","{'Windel': 'nass', 'Mica': True}",True,nass
421,165,14:32:37 03-20-2021,Pee,Pañal lleno,"Windel: nass, Mica: False","{'Windel': 'nass', 'Mica': True}",True,nass
422,163,11:29:01 03-20-2021,Pee,En la mica,"Windel: trocken, Mica: True","{'Windel': 'trocken', 'Mica': True}",True,trocken
423,164,09:30:40 03-20-2021,Pee,Pañal lleno. Después del baño en la toalla,"Windel: nass, Mica: True","{'Windel': 'nass', 'Mica': True}",True,nass
425,161,04:26:35 03-20-2021,Pee,Pañal lleno,"Windel: nass, Mica: False","{'Windel': 'nass', 'Mica': True}",True,nass
426,158,20:19:56 03-19-2021,Pee,En la mica,"Windel: trocken, Mica: True","{'Windel': 'trocken', 'Mica': True}",True,trocken
427,154,18:58:05 03-19-2021,Pee,En la mica,"Windel: trocken, Mica: True","{'Windel': 'trocken', 'Mica': True}",True,trocken
428,155,15:50:31 03-19-2021,Pee,En la mica,"Windel: trocken, Mica: True","{'Windel': 'trocken', 'Mica': True}",True,trocken
429,157,13:00:38 03-19-2021,Pee,En la mica,"Windel: trocken, Mica: True","{'Windel': 'trocken', 'Mica': True}",True,trocken
433,152,04:59:56 03-18-2021,Pee,Pañal lleno,"Windel: nass, Mica: False","{'Windel': 'nass', 'Mica': True}",True,nass
434,150,02:20:31 03-18-2021,Pee,Windel voll,"Windel: nass, Mica: True","{'Windel': 'nass', 'Mica': True}",True,nass
435,149,00:13:20 03-18-2021,Pee,En el pañal,"Windel: nass, Mica: False","{'Windel': 'nass', 'Mica': True}",True,nass
437,147,13:47:48 03-17-2021,Pee,En la mica y pañal mojado. Después de despertarse,"Windel: nass, Mica: True","{'Windel': 'nass', 'Mica': True}",True,nass
438,146,11:35:45 03-17-2021,Pee,En la mica. Arqueó la espalda mientras en el cambiador,"Windel: trocken, Mica: True","{'Windel': 'trocken', 'Mica': True}",True,trocken
439,145,11:16:04 03-17-2021,Pee,En la mica después de despertarse,"Windel: trocken, Mica: True","{'Windel': 'trocken', 'Mica': True}",True,trocken
440,144,08:51:50 03-17-2021,Pee,Pañal lleno y pipí en la mica,"Windel: nass, Mica: True","{'Windel': 'nass', 'Mica': True}",True,nass
443,141,00:00:59 03-17-2021,Pee,En la mica. 15 minutos después de comer,"Windel: trocken, Mica: True","{'Windel': 'trocken', 'Mica': True}",True,trocken
444,140,23:37:55 03-16-2021,Pee,Pañal lleno,"Windel: nass, Mica: False","{'Windel': 'nass', 'Mica': True}",True,nass
446,138,18:05:19 03-16-2021,Pee,En la mica. Apenas se despertó. Pañal mojado,"Windel: nass, Mica: True","{'Windel': 'nass', 'Mica': True}",True,nass
447,137,16:04:00 03-16-2021,Pee,En la mica después de llegar y pañal mojado,"Windel: nass, Mica: True","{'Windel': 'nass', 'Mica': True}",True,nass
449,135,13:55:35 03-16-2021,Pee,En la mica un poquito y pañal mojado,"Windel: feucht, Mica: True","{'Windel': 'feucht', 'Mica': True}",True,feucht
451,133,06:23:00 03-16-2021,Pee,Windel voll,"Windel: nass, Mica: True","{'Windel': 'nass', 'Mica': True}",True,nass
452,132,03:06:48 03-16-2021,Pee,En la mica y pañal lleno,"Windel: nass, Mica: True","{'Windel': 'nass', 'Mica': True}",True,nass
454,130,23:33:25 03-15-2021,Pee,Pañal lleno,"Windel: nass, Mica: False","{'Windel': 'nass', 'Mica': True}",True,nass
455,129,18:01:13 03-15-2021,Pee,Während trinken aufgehört und dann angefangen zu pinkeln.,"Windel: trocken, Mica: True","{'Windel': 'trocken', 'Mica': True}",True,trocken
456,128,13:26:34 03-15-2021,Pee,En la mica,"Windel: trocken, Mica: True","{'Windel': 'trocken', 'Mica': True}",True,trocken
457,127,12:15:25 03-15-2021,Pee,En la mica y pañal estaba lleno,"Windel: nass, Mica: True","{'Windel': 'nass', 'Mica': True}",True,nass
458,126,09:22:53 03-15-2021,Pee,Windel nass. Pipi ins Töpfchen.,"Windel: nass, Mica: True","{'Windel': 'nass', 'Mica': True}",True,nass
461,123,00:48:16 03-15-2021,Pee,Windel nass + pipi en la mica,"Windel: nass, Mica: True","{'Windel': 'nass', 'Mica': True}",True,nass
462,122,21:42:44 03-14-2021,Pee,En la mica. Wurde unruhig beim Schlafen. ,"Windel: nass, Mica: True","{'Windel': 'nass', 'Mica': True}",True,nass
463,120,18:42:25 03-14-2021,Pee,,None,"{'Mica': None, 'Windel': None}",,
464,119,15:00:21 03-14-2021,Pee,15 después de comer. Se despertó. Cuerpo tenso. Pipi,"Windel: nass, Mica: True","{'Windel': 'nass', 'Mica': True}",True,nass
466,117,12:00:59 03-14-2021,Pee,En la mica,"Windel: trocken, Mica: True","{'Windel': 'trocken', 'Mica': True}",True,trocken
467,115,10:00:36 03-14-2021,Pee,Pipi en la mica,"Windel: nass, Mica: True","{'Windel': 'nass', 'Mica': True}",True,nass
471,112,00:49:54 03-14-2021,Pee,Windel voll,"Windel: nass, Mica: True","{'Windel': 'nass', 'Mica': True}",True,nass
472,111,20:49:17 03-13-2021,Pee,Wenig in der Windel,"Windel: feucht, Mica: False","{'Windel': 'feucht', 'Mica': True}",True,feucht
473,110,17:23:12 03-13-2021,Pee,En la mica,"Windel: trocken, Mica: True","{'Windel': 'trocken', 'Mica': True}",True,trocken
474,109,15:42:22 03-13-2021,Pee,En la mica. Se quejó después de despertarse,"Windel: trocken, Mica: True","{'Windel': 'trocken', 'Mica': True}",True,trocken
476,106,10:00:06 03-13-2021,Pee,,None,"{'Mica': None, 'Windel': None}",,
477,105,09:10:20 03-13-2021,Pee,En el pañal y un poquito en la mica,"Windel: nass, Mica: True","{'Windel': 'nass', 'Mica': True}",True,nass
480,102,04:20:07 03-13-2021,Pee,En la mica,"Windel: trocken, Mica: True","{'Windel': 'trocken', 'Mica': True}",True,trocken
482,97,20:00:09 03-12-2021,Pee,Pañal,"Windel: nass, Mica: True","{'Windel': 'nass', 'Mica': True}",True,nass
483,98,19:30:24 03-12-2021,Pee,In die Windel. Hatte es durch weinen angekündigt. Tim war zu spät.,"Windel: nass, Mica: False","{'Windel': 'nass', 'Mica': True}",True,nass
484,96,17:00:04 03-12-2021,Pee,En la mica,"Windel: trocken, Mica: True","{'Windel': 'trocken', 'Mica': True}",True,trocken
485,95,14:15:12 03-12-2021,Pee,Pañal,"Windel: nass, Mica: True","{'Windel': 'nass', 'Mica': True}",True,nass
486,94,13:18:15 03-12-2021,Pee,En la mica,"Windel: trocken, Mica: True","{'Windel': 'trocken', 'Mica': True}",True,trocken
488,92,04:38:21 03-12-2021,Pee,En la mica y el pañal lleno,"Windel: nass, Mica: True","{'Windel': 'nass', 'Mica': True}",True,nass
489,90,21:07:42 03-11-2021,Pee,,None,"{'Mica': None, 'Windel': None}",,
490,89,18:40:43 03-11-2021,Pee,En el pañal y en la mica,"Windel: nass, Mica: False","{'Windel': 'nass', 'Mica': True}",True,nass
492,87,09:30:53 03-11-2021,Pee,En el pañal y en la mica,"Windel: nass, Mica: False","{'Windel': 'nass', 'Mica': True}",True,nass
493,86,07:06:25 03-11-2021,Pee,En el pañal,"Windel: nass, Mica: False","{'Windel': 'nass', 'Mica': True}",True,nass
496,83,02:53:14 03-11-2021,Pee,Windel voll. ,"Windel: nass, Mica: False","{'Windel': 'nass', 'Mica': True}",True,nass
498,81,17:42:28 03-10-2021,Pee,En la mica. Se quejó antes de hacer,"Windel: trocken, Mica: True","{'Windel': 'trocken', 'Mica': True}",True,trocken
499,80,16:24:21 03-10-2021,Pee,En el cambiador. Lloró,"Windel: nass, Mica: False","{'Windel': 'nass', 'Mica': True}",True,nass
501,78,14:13:17 03-10-2021,Pee,,None,"{'Mica': None, 'Windel': None}",,
503,76,10:52:19 03-10-2021,Pee,En la mica. Wurde unruhig beim wickeln,"Windel: nass, Mica: True","{'Windel': 'nass', 'Mica': True}",True,nass
507,72,04:20:56 03-10-2021,Pee,En en pañal,"Windel: nass, Mica: False","{'Windel': 'nass', 'Mica': True}",True,nass
508,71,18:30:35 03-09-2021,Pee,En la mica,"Windel: trocken, Mica: True","{'Windel': 'trocken', 'Mica': True}",True,trocken
509,70,16:21:24 03-09-2021,Pee,Windel und Töpfchen,"Windel: feucht, Mica: True","{'Windel': 'feucht', 'Mica': True}",True,feucht
510,69,12:02:34 03-09-2021,Pee,Pañal lleno,"Windel: nass, Mica: False","{'Windel': 'nass', 'Mica': True}",True,nass
513,66,04:20:16 03-09-2021,Pee,En el pañal,"Windel: nass, Mica: False","{'Windel': 'nass', 'Mica': True}",True,nass
514,67,02:20:41 03-09-2021,Pee,En la mica,"Windel: trocken, Mica: True","{'Windel': 'trocken', 'Mica': True}",True,trocken
515,64,20:30:26 03-08-2021,Pee,En el pañal,"Windel: nass, Mica: False","{'Windel': 'nass', 'Mica': True}",True,nass
516,63,16:54:16 03-08-2021,Pee,Kurz geweint. Pipí in potty,"Windel: trocken, Mica: True","{'Windel': 'trocken', 'Mica': True}",True,trocken
517,61,16:40:48 03-08-2021,Pee,,None,"{'Mica': None, 'Windel': None}",,
521,57,01:17:08 03-08-2021,Pee,En el pañal,"Windel: nass, Mica: False","{'Windel': 'nass', 'Mica': True}",True,nass
522,56,20:50:00 03-07-2021,Pee,En el pañal y en la mica,"Windel: nass, Mica: False","{'Windel': 'nass', 'Mica': True}",True,nass
523,55,16:00:00 03-07-2021,Pee,,None,"{'Mica': None, 'Windel': None}",,
528,48,17:40:03 03-06-2021,Pee,In die Windel,"Windel: nass, Mica: True","{'Windel': 'nass', 'Mica': True}",True,nass
530,47,13:59:04 03-06-2021,Pee,,None,"{'Mica': None, 'Windel': None}",,
531,46,13:05:40 03-06-2021,Pee,,None,"{'Mica': None, 'Windel': None}",,
534,43,02:20:36 03-06-2021,Pee,En la mica. Se puso incómoda pero no lloró. El pañal estaba seco,"Windel: feucht, Mica: True","{'Windel': 'feucht', 'Mica': True}",True,feucht
535,42,21:14:50 03-05-2021,Pee,En la mica  y el pañal mojado. Lloró antes de hacer pipí,"Windel: nass, Mica: True","{'Windel': 'nass', 'Mica': True}",True,nass
540,35,10:27:43 03-05-2021,Pee,En la mica,"Windel: trocken, Mica: True","{'Windel': 'trocken', 'Mica': True}",True,trocken
547,29,12:50:13 03-04-2021,Pee,,None,"{'Mica': None, 'Windel': None}",,
549,24,09:31:02 03-04-2021,Pee,,None,"{'Mica': None, 'Windel': None}",,
550,23,04:00:55 03-04-2021,Pee,,None,"{'Mica': None, 'Windel': None}",,
552,21,18:30:40 03-03-2021,Pee,,None,"{'Mica': None, 'Windel': None}",,
555,16,14:36:20 03-03-2021,Pee,,None,"{'Mica': None, 'Windel': None}",,
557,14,10:00:16 03-03-2021,Pee,,None,"{'Mica': None, 'Windel': None}",,
559,13,03:30:13 03-03-2021,Pee,,None,"{'Mica': None, 'Windel': None}",,
560,10,02:57:47 03-03-2021,Pee,,None,"{'Mica': None, 'Windel': None}",,
561,9,23:33:15 03-02-2021,Pee,,None,"{'Mica': None, 'Windel': None}",,
562,8,20:02:39 03-02-2021,Pee,,None,"{'Mica': None, 'Windel': None}",,
565,4,13:21:56 03-02-2021,Pee,,None,"{'Mica': None, 'Windel': None}",,
566,5,11:30:40 03-02-2021,Pee,,None,"{'Mica': None, 'Windel': None}",,
569,1,02:42:38 03-02-2021,Pee,,None,"{'Mica': None, 'Windel': None}",,
