id, Start Time, End Time, Feed Type, Quantity (oz), Quantity (ml or g), Notes, Duration (Minutes), Food Type, Unit, Bottle Type
794,18:47:08 05-02-2021,18:55:50 05-02-2021,Right Breast,,,,8,Breast Milk,,
793,17:51:32 05-02-2021,18:00:55 05-02-2021,Left Breast,,,,9,Breast Milk,,
792,15:03:51 05-02-2021,15:21:48 05-02-2021,Left Breast,,,,17,Breast Milk,,
790,12:12:21 05-02-2021,12:14:19 05-02-2021,Left Breast,,,,1,Breast Milk,,
789,11:57:01 05-02-2021,12:08:56 05-02-2021,Right Breast,,,,11,Breast Milk,,
788,11:47:31 05-02-2021,11:55:52 05-02-2021,Left Breast,,,,8,Breast Milk,,
787,10:31:27 05-02-2021,10:37:29 05-02-2021,Right Breast,,,,6,Breast Milk,,
786,09:10:51 05-02-2021,09:17:23 05-02-2021,Left Breast,,,,6,Breast Milk,,
785,07:05:19 05-02-2021,07:15:59 05-02-2021,Right Breast,,,,10,Breast Milk,,
784,03:47:36 05-02-2021,03:54:26 05-02-2021,Left Breast,,,,6,Breast Milk,,
783,00:45:40 05-02-2021,00:55:53 05-02-2021,Right Breast,,,,10,Breast Milk,,
782,21:39:37 05-01-2021,21:45:51 05-01-2021,Left Breast,,,,6,Breast Milk,,
781,20:19:35 05-01-2021,20:29:40 05-01-2021,Right Breast,,,,10,Breast Milk,,
780,18:43:00 05-01-2021,18:49:13 05-01-2021,Left Breast,,,,6,Breast Milk,,
778,16:15:10 05-01-2021,16:21:14 05-01-2021,Left Breast,,,,6,Breast Milk,,
777,16:01:41 05-01-2021,16:12:02 05-01-2021,Right Breast,,,,10,Breast Milk,,
776,13:46:13 05-01-2021,13:55:43 05-01-2021,Left Breast,,,,9,Breast Milk,,
775,11:10:05 05-01-2021,11:17:56 05-01-2021,Left Breast,,,,7,Breast Milk,,
774,10:58:01 05-01-2021,11:06:29 05-01-2021,Right Breast,,,,8,Breast Milk,,
773,08:37:39 05-01-2021,08:43:58 05-01-2021,Left Breast,,,,6,Breast Milk,,
772,05:59:09 05-01-2021,06:05:34 05-01-2021,Right Breast,,,,6,Breast Milk,,
771,02:51:15 05-01-2021,03:03:49 05-01-2021,Left Breast,,,,12,Breast Milk,,
770,22:12:03 04-30-2021,22:17:13 04-30-2021,Right Breast,,,,5,Breast Milk,,
769,20:48:53 04-30-2021,21:00:16 04-30-2021,Left Breast,,,,11,Breast Milk,,
768,19:13:55 04-30-2021,19:19:48 04-30-2021,Right Breast,,,,5,Breast Milk,,
767,18:54:47 04-30-2021,19:01:04 04-30-2021,Left Breast,,,,6,Breast Milk,,
766,16:42:39 04-30-2021,16:52:21 04-30-2021,Right Breast,,,,9,Breast Milk,,
765,13:58:33 04-30-2021,14:05:56 04-30-2021,Left Breast,,,,7,Breast Milk,,
764,13:50:52 04-30-2021,13:56:49 04-30-2021,Right Breast,,,,5,Breast Milk,,
763,10:29:13 04-30-2021,10:39:20 04-30-2021,Left Breast,,,,10,Breast Milk,,
762,07:51:58 04-30-2021,07:55:36 04-30-2021,Right Breast,,,,3,Breast Milk,,
761,07:43:43 04-30-2021,07:49:56 04-30-2021,Left Breast,,,,6,Breast Milk,,
760,04:35:04 04-30-2021,04:46:25 04-30-2021,Right Breast,,,,11,Breast Milk,,
759,01:21:17 04-30-2021,01:30:04 04-30-2021,Left Breast,,,,8,Breast Milk,,
758,21:05:51 04-29-2021,21:11:14 04-29-2021,Left Breast,,,,5,Breast Milk,,
757,20:56:53 04-29-2021,21:05:37 04-29-2021,Right Breast,,,,8,Breast Milk,,
756,18:57:20 04-29-2021,19:00:52 04-29-2021,Right Breast,,,,3,Breast Milk,,
755,18:48:18 04-29-2021,18:54:37 04-29-2021,Left Breast,,,,6,Breast Milk,,
754,17:29:21 04-29-2021,17:36:18 04-29-2021,Left Breast,,,,6,Breast Milk,,
752,17:15:21 04-29-2021,17:23:20 04-29-2021,Right Breast,,,,7,Breast Milk,,
751,14:17:57 04-29-2021,14:27:25 04-29-2021,Left Breast,,,,9,Breast Milk,,
750,11:27:39 04-29-2021,11:32:08 04-29-2021,Left Breast,,,,4,Breast Milk,,
749,11:15:46 04-29-2021,11:24:21 04-29-2021,Right Breast,,,,8,Breast Milk,,
748,08:48:30 04-29-2021,08:50:15 04-29-2021,Right Breast,,,,1,Breast Milk,,
747,08:38:39 04-29-2021,08:45:40 04-29-2021,Left Breast,,,,7,Breast Milk,,
746,06:05:37 04-29-2021,06:14:56 04-29-2021,Right Breast,,,,9,Breast Milk,,
745,02:57:39 04-29-2021,03:02:31 04-29-2021,Left Breast,,,,4,Breast Milk,,
744,21:41:33 04-28-2021,21:47:00 04-28-2021,Right Breast,,,,5,Breast Milk,,
743,21:34:49 04-28-2021,21:38:43 04-28-2021,Left Breast,,,,3,Breast Milk,,
742,20:12:03 04-28-2021,20:14:08 04-28-2021,Left Breast,,,,2,Breast Milk,,
741,20:01:28 04-28-2021,20:06:50 04-28-2021,Right Breast,,,,5,Breast Milk,,
740,18:37:24 04-28-2021,18:42:31 04-28-2021,Left Breast,,,,5,Breast Milk,,
739,17:13:18 04-28-2021,17:22:00 04-28-2021,Left Breast,,,,8,Breast Milk,,
738,17:01:56 04-28-2021,17:12:06 04-28-2021,Right Breast,,,,10,Breast Milk,,
737,14:30:39 04-28-2021,14:43:00 04-28-2021,Left Breast,,,,12,Breast Milk,,
736,11:49:31 04-28-2021,11:59:36 04-28-2021,Right Breast,,,,10,Breast Milk,,
735,09:02:09 04-28-2021,09:12:13 04-28-2021,Left Breast,,,,10,Breast Milk,,
734,05:27:03 04-28-2021,05:34:55 04-28-2021,Right Breast,,,,7,Breast Milk,,
733,05:15:04 04-28-2021,05:17:29 04-28-2021,Right Breast,,,,2,Breast Milk,,
732,01:45:01 04-28-2021,01:52:33 04-28-2021,Left Breast,,,,7,Breast Milk,,
731,21:38:22 04-27-2021,21:43:55 04-27-2021,Left Breast,,,,5,Breast Milk,,
730,21:10:18 04-27-2021,21:16:56 04-27-2021,Right Breast,,,,6,Breast Milk,,
729,19:59:14 04-27-2021,20:05:43 04-27-2021,Right Breast,,,,6,Breast Milk,,
728,18:56:33 04-27-2021,19:02:11 04-27-2021,Right Breast,,,,5,Breast Milk,,
727,18:46:51 04-27-2021,18:55:14 04-27-2021,Left Breast,,,,8,Breast Milk,,
726,16:51:12 04-27-2021,16:58:51 04-27-2021,Right Breast,,,,7,Breast Milk,,
725,15:00:08 04-27-2021,15:06:08 04-27-2021,Right Breast,,,,5,Breast Milk,,
724,13:02:56 04-27-2021,13:13:03 04-27-2021,Left Breast,,,,10,Breast Milk,,
723,10:17:15 04-27-2021,10:24:32 04-27-2021,Left Breast,,,,7,Breast Milk,,
722,10:00:49 04-27-2021,10:11:12 04-27-2021,Right Breast,,,,10,Breast Milk,,
721,07:09:05 04-27-2021,07:14:36 04-27-2021,Right Breast,,,,5,Breast Milk,,
720,06:42:17 04-27-2021,06:50:24 04-27-2021,Left Breast,,,,8,Breast Milk,,
719,02:32:56 04-27-2021,02:43:07 04-27-2021,Right Breast,,,,10,Breast Milk,,
718,21:38:03 04-26-2021,21:43:01 04-26-2021,Right Breast,,,,4,Breast Milk,,
717,21:31:46 04-26-2021,21:36:54 04-26-2021,Left Breast,,,,5,Breast Milk,,
716,20:27:16 04-26-2021,20:35:00 04-26-2021,Left Breast,,,,7,Breast Milk,,
715,20:11:46 04-26-2021,20:20:00 04-26-2021,Right Breast,,,,8,Breast Milk,,
714,18:34:02 04-26-2021,18:40:25 04-26-2021,Right Breast,,,,6,Breast Milk,,
713,18:23:45 04-26-2021,18:31:08 04-26-2021,Left Breast,,,,7,Breast Milk,,
712,15:17:56 04-26-2021,15:24:50 04-26-2021,Left Breast,,,,6,Breast Milk,,
711,15:09:53 04-26-2021,15:17:47 04-26-2021,Right Breast,,,,7,Breast Milk,,
710,12:56:48 04-26-2021,13:08:36 04-26-2021,Left Breast,,,,11,Breast Milk,,
709,10:33:22 04-26-2021,10:42:37 04-26-2021,Left Breast,,,,9,Breast Milk,,
708,10:20:42 04-26-2021,10:30:45 04-26-2021,Right Breast,,,,10,Breast Milk,,
707,07:28:24 04-26-2021,07:38:16 04-26-2021,Left Breast,,,,9,Breast Milk,,
705,03:38:54 04-26-2021,03:44:48 04-26-2021,Left Breast,,,,5,Breast Milk,,
704,03:20:25 04-26-2021,03:27:02 04-26-2021,Right Breast,,,,6,Breast Milk,,
703,23:01:25 04-25-2021,23:08:18 04-25-2021,Left Breast,,,,6,Breast Milk,,
702,21:55:59 04-25-2021,22:00:48 04-25-2021,Right Breast,,,,4,Breast Milk,,
701,21:52:16 04-25-2021,21:55:28 04-25-2021,Left Breast,,,,3,Breast Milk,,
699,20:37:08 04-25-2021,20:44:40 04-25-2021,Left Breast,,,,7,Breast Milk,,
698,20:22:31 04-25-2021,20:32:39 04-25-2021,Right Breast,,,,10,Breast Milk,,
697,17:50:29 04-25-2021,17:58:34 04-25-2021,Left Breast,,,,8,Breast Milk,,
696,17:41:46 04-25-2021,17:48:46 04-25-2021,Right Breast,,,,7,Breast Milk,,
695,15:13:56 04-25-2021,15:19:55 04-25-2021,Right Breast,,,,5,Breast Milk,,
694,15:02:36 04-25-2021,15:10:36 04-25-2021,Left Breast,,,,8,Breast Milk,,
693,13:21:14 04-25-2021,13:31:18 04-25-2021,Right Breast,,,,10,Breast Milk,,
692,10:27:52 04-25-2021,10:36:53 04-25-2021,Right Breast,,,,9,Breast Milk,,
691,10:15:01 04-25-2021,10:25:15 04-25-2021,Left Breast,,,,10,Breast Milk,,
690,05:55:35 04-25-2021,06:02:20 04-25-2021,Right Breast,,,,6,Breast Milk,,
689,05:36:06 04-25-2021,05:44:01 04-25-2021,Left Breast,,,,7,Breast Milk,,
688,02:42:25 04-25-2021,02:49:53 04-25-2021,Left Breast,,,,7,Breast Milk,,
687,02:11:05 04-25-2021,02:22:02 04-25-2021,Right Breast,,,,10,Breast Milk,,
686,21:24:20 04-24-2021,21:28:00 04-24-2021,Right Breast,,,,3,Breast Milk,,
685,21:13:36 04-24-2021,21:20:35 04-24-2021,Left Breast,,,,6,Breast Milk,,
684,19:43:54 04-24-2021,19:54:01 04-24-2021,Right Breast,,,,10,Breast Milk,,
683,19:36:06 04-24-2021,19:42:35 04-24-2021,Left Breast,,,,6,Breast Milk,,
682,17:25:30 04-24-2021,17:30:32 04-24-2021,Left Breast,,,,5,Breast Milk,,
681,17:09:03 04-24-2021,17:18:08 04-24-2021,Right Breast,,,,9,Breast Milk,,
680,15:18:49 04-24-2021,15:27:03 04-24-2021,Right Breast,,,,8,Breast Milk,,
679,11:29:26 04-24-2021,11:38:35 04-24-2021,Right Breast,,,,9,Breast Milk,,
678,11:14:55 04-24-2021,11:25:19 04-24-2021,Left Breast,,,,10,Breast Milk,,
676,08:05:29 04-24-2021,08:16:07 04-24-2021,Right Breast,,,,10,Breast Milk,,
675,05:30:49 04-24-2021,05:34:05 04-24-2021,Left Breast,,,,3,Breast Milk,,
674,04:21:13 04-24-2021,04:28:21 04-24-2021,Right Breast,,,,7,Breast Milk,,
673,01:20:58 04-24-2021,01:29:07 04-24-2021,Left Breast,,,,8,Breast Milk,,
672,21:21:51 04-23-2021,21:29:32 04-23-2021,Right Breast,,,,7,Breast Milk,,
671,20:42:31 04-23-2021,20:51:36 04-23-2021,Left Breast,,,,9,Breast Milk,,
670,18:22:56 04-23-2021,18:27:00 04-23-2021,Right Breast,,,,4,Breast Milk,,
669,16:33:13 04-23-2021,16:37:44 04-23-2021,Left Breast,,,,4,Breast Milk,,
668,15:29:39 04-23-2021,15:35:56 04-23-2021,Right Breast,,,,6,Breast Milk,,
667,12:23:27 04-23-2021,12:32:10 04-23-2021,Left Breast,,,,8,Breast Milk,,
666,09:53:44 04-23-2021,10:00:45 04-23-2021,Right Breast,,,,7,Breast Milk,,
665,06:41:06 04-23-2021,06:44:14 04-23-2021,Right Breast,,,,3,Breast Milk,,
664,06:19:32 04-23-2021,06:24:28 04-23-2021,Left Breast,,,,4,Breast Milk,,
663,03:02:12 04-23-2021,03:08:36 04-23-2021,Right Breast,,,,6,Breast Milk,,
662,21:50:57 04-22-2021,21:58:29 04-22-2021,Right Breast,,,,7,Breast Milk,,
661,21:39:07 04-22-2021,21:41:22 04-22-2021,Left Breast,,,,2,Breast Milk,,
660,21:06:42 04-22-2021,21:12:08 04-22-2021,Left Breast,,,,5,Breast Milk,,
659,20:42:08 04-22-2021,20:49:09 04-22-2021,Right Breast,,,,7,Breast Milk,,
658,18:47:14 04-22-2021,18:54:56 04-22-2021,Left Breast,,,,7,Breast Milk,,
657,16:42:13 04-22-2021,17:11:47 04-22-2021,Right Breast,,,,29,Breast Milk,,
656,16:34:12 04-22-2021,16:40:35 04-22-2021,Left Breast,,,,6,Breast Milk,,
655,13:59:21 04-22-2021,14:08:40 04-22-2021,Right Breast,,,,9,Breast Milk,,
654,11:12:22 04-22-2021,11:18:43 04-22-2021,Left Breast,,,,6,Breast Milk,,
652,11:00:47 04-22-2021,11:09:37 04-22-2021,Right Breast,,,,8,Breast Milk,,
651,08:19:59 04-22-2021,08:28:31 04-22-2021,Left Breast,,,,8,Breast Milk,,
650,05:06:52 04-22-2021,05:18:00 04-22-2021,Right Breast,,,,11,Breast Milk,,
649,01:47:27 04-22-2021,01:58:42 04-22-2021,Left Breast,,,,11,Breast Milk,,
648,20:59:11 04-21-2021,21:15:30 04-21-2021,Right Breast,,,,16,Breast Milk,,
647,19:57:56 04-21-2021,20:01:15 04-21-2021,Right Breast,,,,3,Breast Milk,,
646,19:47:32 04-21-2021,19:51:45 04-21-2021,Left Breast,,,,4,Breast Milk,,
645,18:25:01 04-21-2021,18:30:16 04-21-2021,Left Breast,,,,5,Breast Milk,,
644,18:16:30 04-21-2021,18:23:15 04-21-2021,Right Breast,,,,6,Breast Milk,,
643,15:37:22 04-21-2021,15:43:52 04-21-2021,Left Breast,,,,6,Breast Milk,,
642,15:29:40 04-21-2021,15:35:59 04-21-2021,Right Breast,,,,6,Breast Milk,,
641,13:11:47 04-21-2021,13:21:22 04-21-2021,Left Breast,,,,9,Breast Milk,,
640,13:02:52 04-21-2021,13:09:25 04-21-2021,Right Breast,,,,6,Breast Milk,,
639,10:00:43 04-21-2021,10:03:59 04-21-2021,Right Breast,,,,3,Breast Milk,,
638,09:51:29 04-21-2021,09:59:30 04-21-2021,Left Breast,,,,8,Breast Milk,,
637,07:48:59 04-21-2021,07:52:29 04-21-2021,Right Breast,,,,3,Breast Milk,,
636,05:18:43 04-21-2021,05:23:31 04-21-2021,Right Breast,,,,4,Breast Milk,,
635,04:52:25 04-21-2021,04:57:28 04-21-2021,Left Breast,,,,5,Breast Milk,,
634,01:59:40 04-21-2021,02:07:56 04-21-2021,Right Breast,,,,8,Breast Milk,,
633,21:55:54 04-20-2021,22:04:36 04-20-2021,Left Breast,,,,8,Breast Milk,,
632,21:16:13 04-20-2021,21:21:00 04-20-2021,Right Breast,,,,4,Breast Milk,,
631,19:21:04 04-20-2021,19:28:40 04-20-2021,Right Breast,,,,7,Breast Milk,,
630,19:13:21 04-20-2021,19:19:14 04-20-2021,Left Breast,,,,5,Breast Milk,,
629,16:44:01 04-20-2021,16:49:24 04-20-2021,Right Breast,,,,5,Breast Milk,,
628,16:10:41 04-20-2021,16:15:43 04-20-2021,Left Breast,,,,5,Breast Milk,,
626,12:29:25 04-20-2021,12:35:20 04-20-2021,Right Breast,,,,5,Breast Milk,,
625,12:22:55 04-20-2021,12:28:01 04-20-2021,Left Breast,,,,5,Breast Milk,,
624,08:37:50 04-20-2021,08:42:31 04-20-2021,Left Breast,,,,4,Breast Milk,,
623,08:30:11 04-20-2021,08:36:25 04-20-2021,Right Breast,,,,6,Breast Milk,,
622,04:39:57 04-20-2021,04:46:30 04-20-2021,Left Breast,,,,6,Breast Milk,,
621,01:25:27 04-20-2021,01:35:25 04-20-2021,Right Breast,,,,9,Breast Milk,,
620,21:36:42 04-19-2021,21:40:32 04-19-2021,Right Breast,,,,3,Breast Milk,,
619,21:10:58 04-19-2021,21:16:45 04-19-2021,Left Breast,,,,5,Breast Milk,,
618,19:35:12 04-19-2021,19:41:26 04-19-2021,Right Breast,,,,6,Breast Milk,,
617,19:29:08 04-19-2021,19:33:47 04-19-2021,Left Breast,,,,4,Breast Milk,,
616,16:37:20 04-19-2021,16:43:39 04-19-2021,Left Breast,,,,6,Breast Milk,,
614,16:23:52 04-19-2021,16:34:12 04-19-2021,Right Breast,,,,10,Breast Milk,,
613,13:13:56 04-19-2021,13:24:08 04-19-2021,Left Breast,,,,10,Breast Milk,,
612,13:08:36 04-19-2021,13:12:40 04-19-2021,Right Breast,,,,4,Breast Milk,,
611,10:25:48 04-19-2021,10:35:51 04-19-2021,Left Breast,,,,10,Breast Milk,,
610,10:22:30 04-19-2021,10:24:37 04-19-2021,Right Breast,,,,2,Breast Milk,,
608,07:24:52 04-19-2021,07:30:54 04-19-2021,Right Breast,,,,6,Breast Milk,,
607,03:53:05 04-19-2021,04:04:14 04-19-2021,Left Breast,,,,11,Breast Milk,,
606,22:30:05 04-18-2021,22:35:45 04-18-2021,Right Breast,,,,5,Breast Milk,,
605,22:21:59 04-18-2021,22:29:49 04-18-2021,Left Breast,,,,7,Breast Milk,,
604,21:05:53 04-18-2021,21:16:07 04-18-2021,Left Breast,,,,10,Breast Milk,,
603,21:05:26 04-18-2021,21:05:49 04-18-2021,Right Breast,,,,0,Breast Milk,,
602,20:12:43 04-18-2021,20:16:59 04-18-2021,Right Breast,,,,4,Breast Milk,,
601,20:02:17 04-18-2021,20:07:16 04-18-2021,Left Breast,,,,4,Breast Milk,,
600,18:44:18 04-18-2021,18:53:21 04-18-2021,Left Breast,,,,9,Breast Milk,,
599,18:38:30 04-18-2021,18:42:47 04-18-2021,Right Breast,,,,4,Breast Milk,,
598,15:34:53 04-18-2021,15:41:58 04-18-2021,Left Breast,,,,7,Breast Milk,,
597,15:28:15 04-18-2021,15:33:41 04-18-2021,Right Breast,,,,5,Breast Milk,,
596,13:42:20 04-18-2021,13:49:33 04-18-2021,Left Breast,,,,7,Breast Milk,,
595,13:35:26 04-18-2021,13:40:59 04-18-2021,Right Breast,,,,5,Breast Milk,,
594,10:53:44 04-18-2021,11:03:47 04-18-2021,Left Breast,,,,10,Breast Milk,,
593,07:53:57 04-18-2021,08:00:55 04-18-2021,Left Breast,,,,6,Breast Milk,,
592,04:14:54 04-18-2021,04:25:30 04-18-2021,Right Breast,,,,10,Breast Milk,,
591,00:52:21 04-18-2021,00:57:36 04-18-2021,Left Breast,,,,5,Breast Milk,,
590,21:34:36 04-17-2021,21:43:32 04-17-2021,Right Breast,,,,8,Breast Milk,,
589,21:26:37 04-17-2021,21:32:40 04-17-2021,Left Breast,,,,6,Breast Milk,,
588,19:05:35 04-17-2021,19:10:34 04-17-2021,Left Breast,,,,4,Breast Milk,,
587,18:55:03 04-17-2021,19:03:36 04-17-2021,Right Breast,,,,8,Breast Milk,,
586,16:40:49 04-17-2021,16:49:14 04-17-2021,Left Breast,,,,8,Breast Milk,,
585,14:17:50 04-17-2021,14:27:57 04-17-2021,Right Breast,,,,10,Breast Milk,,
583,14:00:16 04-17-2021,14:08:55 04-17-2021,Left Breast,,,,8,Breast Milk,,
582,11:16:48 04-17-2021,11:19:21 04-17-2021,Left Breast,,,,2,Breast Milk,,
581,11:04:35 04-17-2021,11:14:38 04-17-2021,Right Breast,,,,10,Breast Milk,,
580,08:29:03 04-17-2021,08:35:05 04-17-2021,Left Breast,,,,6,Breast Milk,,
579,05:24:32 04-17-2021,05:30:17 04-17-2021,Left Breast,,,,5,Breast Milk,,
578,05:11:01 04-17-2021,05:16:24 04-17-2021,Right Breast,,,,5,Breast Milk,,
576,02:11:11 04-17-2021,02:13:48 04-17-2021,Right Breast,,,,2,Breast Milk,,
575,01:58:52 04-17-2021,02:04:46 04-17-2021,Left Breast,,,,5,Breast Milk,,
574,22:53:43 04-16-2021,22:59:18 04-16-2021,Left Breast,,,,5,Breast Milk,,
573,22:47:02 04-16-2021,22:53:42 04-16-2021,Right Breast,,,,6,Breast Milk,,
572,20:38:00 04-16-2021,20:42:31 04-16-2021,Left Breast,,,,4,Breast Milk,,
571,20:22:08 04-16-2021,20:35:34 04-16-2021,Right Breast,,,,13,Breast Milk,,
570,18:44:30 04-16-2021,18:49:39 04-16-2021,Right Breast,,,,5,Breast Milk,,
569,15:13:35 04-16-2021,15:23:13 04-16-2021,Left Breast,,,,9,Breast Milk,,
568,15:00:13 04-16-2021,15:10:34 04-16-2021,Right Breast,,,,10,Breast Milk,,
567,11:50:38 04-16-2021,12:01:23 04-16-2021,Left Breast,,,,10,Breast Milk,,
566,11:42:36 04-16-2021,11:48:30 04-16-2021,Right Breast,,,,5,Breast Milk,,
565,08:32:35 04-16-2021,08:40:46 04-16-2021,Left Breast,,,,8,Breast Milk,,
564,05:55:17 04-16-2021,06:06:50 04-16-2021,Left Breast,,,,11,Breast Milk,,
563,05:20:53 04-16-2021,05:28:52 04-16-2021,Right Breast,,,,7,Breast Milk,,
562,01:32:09 04-16-2021,01:37:59 04-16-2021,Right Breast,,,,5,Breast Milk,,
561,01:13:50 04-16-2021,01:19:44 04-16-2021,Left Breast,,,,5,Breast Milk,,
559,20:51:35 04-15-2021,20:55:44 04-15-2021,Right Breast,,,,4,Breast Milk,,
560,20:41:50 04-15-2021,20:49:10 04-15-2021,Left Breast,,,,7,Breast Milk,,
557,18:43:26 04-15-2021,18:49:58 04-15-2021,Right Breast,,,,6,Breast Milk,,
556,18:08:35 04-15-2021,18:22:31 04-15-2021,Left Breast,,,,13,Breast Milk,,
555,16:49:19 04-15-2021,16:57:55 04-15-2021,Right Breast,,,,8,Breast Milk,,
554,16:32:59 04-15-2021,16:43:05 04-15-2021,Left Breast,,,,10,Breast Milk,,
553,14:35:57 04-15-2021,14:44:52 04-15-2021,Right Breast,,,,8,Breast Milk,,
552,12:09:24 04-15-2021,12:13:40 04-15-2021,Right Breast,,,,4,Breast Milk,,
551,12:01:54 04-15-2021,12:07:55 04-15-2021,Left Breast,,,,6,Breast Milk,,
550,09:10:55 04-15-2021,09:20:58 04-15-2021,Right Breast,,,,10,Breast Milk,,
549,06:40:06 04-15-2021,06:48:11 04-15-2021,Left Breast,,,,8,Breast Milk,,
548,03:49:42 04-15-2021,03:55:48 04-15-2021,Left Breast,,,,6,Breast Milk,,
547,01:47:50 04-15-2021,01:59:20 04-15-2021,Right Breast,,,,11,Breast Milk,,
546,21:46:16 04-14-2021,21:52:18 04-14-2021,Left Breast,,,,6,Breast Milk,,
545,21:34:45 04-14-2021,21:42:01 04-14-2021,Right Breast,,,,7,Breast Milk,,
544,20:18:03 04-14-2021,20:24:06 04-14-2021,Left Breast,,,,6,Breast Milk,,
543,20:04:03 04-14-2021,20:12:48 04-14-2021,Right Breast,,,,8,Breast Milk,,
542,18:20:25 04-14-2021,18:31:13 04-14-2021,Left Breast,,,,10,Breast Milk,,
541,18:11:24 04-14-2021,18:18:31 04-14-2021,Right Breast,,,,7,Breast Milk,,
540,15:59:21 04-14-2021,16:07:46 04-14-2021,Left Breast,,,,8,Breast Milk,,
539,15:07:08 04-14-2021,15:12:59 04-14-2021,Right Breast,,,,5,Breast Milk,,
538,11:53:08 04-14-2021,12:01:15 04-14-2021,Left Breast,,,,8,Breast Milk,,
537,11:42:14 04-14-2021,11:52:02 04-14-2021,Right Breast,,,,9,Breast Milk,,
536,08:48:35 04-14-2021,08:54:50 04-14-2021,Left Breast,,,,6,Breast Milk,,
535,08:38:06 04-14-2021,08:44:36 04-14-2021,Right Breast,,,,6,Breast Milk,,
534,04:25:40 04-14-2021,04:34:41 04-14-2021,Left Breast,,,,9,Breast Milk,,
533,04:11:14 04-14-2021,04:16:05 04-14-2021,Right Breast,,,,4,Breast Milk,,
532,00:53:01 04-14-2021,00:58:13 04-14-2021,Left Breast,,,,5,Breast Milk,,
531,00:45:53 04-14-2021,00:51:18 04-14-2021,Right Breast,,,,5,Breast Milk,,
530,21:13:08 04-13-2021,21:17:13 04-13-2021,Left Breast,,,,4,Breast Milk,,
529,20:44:14 04-13-2021,20:52:40 04-13-2021,Right Breast,,,,8,Breast Milk,,
528,18:17:51 04-13-2021,18:23:11 04-13-2021,Left Breast,,,,5,Breast Milk,,
527,18:11:15 04-13-2021,18:15:25 04-13-2021,Right Breast,,,,4,Breast Milk,,
526,14:23:27 04-13-2021,14:28:01 04-13-2021,Left Breast,,,,4,Breast Milk,,
525,14:11:30 04-13-2021,14:19:39 04-13-2021,Right Breast,,,,8,Breast Milk,,
524,08:52:20 04-13-2021,08:58:23 04-13-2021,Right Breast,,,,6,Breast Milk,,
523,08:42:27 04-13-2021,08:49:36 04-13-2021,Left Breast,,,,7,Breast Milk,,
522,05:06:29 04-13-2021,05:08:16 04-13-2021,Left Breast,,,,1,Breast Milk,,
521,04:55:17 04-13-2021,05:00:59 04-13-2021,Right Breast,,,,5,Breast Milk,,
520,01:53:37 04-13-2021,02:02:09 04-13-2021,Left Breast,,,,8,Breast Milk,,
519,01:42:57 04-13-2021,01:50:29 04-13-2021,Right Breast,,,,7,Breast Milk,,
518,21:33:07 04-12-2021,21:40:23 04-12-2021,Left Breast,,,,7,Breast Milk,,
517,20:43:15 04-12-2021,20:50:54 04-12-2021,Right Breast,,,,7,Breast Milk,,
516,20:35:52 04-12-2021,20:43:09 04-12-2021,Left Breast,,,,7,Breast Milk,,
515,18:35:11 04-12-2021,18:44:30 04-12-2021,Right Breast,,,,9,Breast Milk,,
514,18:25:52 04-12-2021,18:29:49 04-12-2021,Left Breast,,,,3,Breast Milk,,
513,16:07:01 04-12-2021,16:14:11 04-12-2021,Right Breast,,,,7,Breast Milk,,
512,16:01:19 04-12-2021,16:05:19 04-12-2021,Left Breast,,,,4,Breast Milk,,
511,13:09:07 04-12-2021,13:18:09 04-12-2021,Left Breast,,,,9,Breast Milk,,
510,11:11:53 04-12-2021,11:17:12 04-12-2021,Right Breast,,,,5,Breast Milk,,
509,08:11:54 04-12-2021,08:19:07 04-12-2021,Left Breast,,,,7,Breast Milk,,
508,08:03:42 04-12-2021,08:09:32 04-12-2021,Right Breast,,,,5,Breast Milk,,
507,06:19:17 04-12-2021,06:24:17 04-12-2021,Right Breast,,,,4,Breast Milk,,
506,02:58:04 04-12-2021,03:06:57 04-12-2021,Left Breast,,,,8,Breast Milk,,
505,21:48:36 04-11-2021,21:53:44 04-11-2021,Right Breast,,,,5,Breast Milk,,
504,21:02:06 04-11-2021,21:11:36 04-11-2021,Left Breast,,,,9,Breast Milk,,
503,19:37:04 04-11-2021,19:46:08 04-11-2021,Right Breast,,,,9,Breast Milk,,
502,17:01:15 04-11-2021,17:12:41 04-11-2021,Left Breast,,,,11,Breast Milk,,
501,14:29:07 04-11-2021,14:38:48 04-11-2021,Right Breast,,,,9,Breast Milk,,
500,11:13:50 04-11-2021,11:28:20 04-11-2021,Left Breast,,,,14,Breast Milk,,
499,08:30:23 04-11-2021,08:37:20 04-11-2021,Right Breast,,,,6,Breast Milk,,
498,08:08:18 04-11-2021,08:13:51 04-11-2021,Right Breast,,,,5,Breast Milk,,
497,04:56:21 04-11-2021,05:03:31 04-11-2021,Left Breast,,,,7,Breast Milk,,
496,02:15:10 04-11-2021,02:21:42 04-11-2021,Right Breast,,,,6,Breast Milk,,
495,21:17:24 04-10-2021,21:24:32 04-10-2021,Left Breast,,,,7,Breast Milk,,
494,20:07:25 04-10-2021,20:15:55 04-10-2021,Left Breast,,,,8,Breast Milk,,
493,17:36:00 04-10-2021,17:51:27 04-10-2021,Right Breast,,,,15,Breast Milk,,
492,14:33:09 04-10-2021,14:45:53 04-10-2021,Left Breast,,,,12,Breast Milk,,
491,11:54:18 04-10-2021,12:01:42 04-10-2021,Right Breast,,,,7,Breast Milk,,
490,09:05:14 04-10-2021,09:10:59 04-10-2021,Left Breast,,,,5,Breast Milk,,
489,06:56:08 04-10-2021,07:01:58 04-10-2021,Right Breast,,,,5,Breast Milk,,
488,04:01:06 04-10-2021,04:09:51 04-10-2021,Left Breast,,,,8,Breast Milk,,
487,00:57:23 04-10-2021,01:03:01 04-10-2021,Right Breast,,,,5,Breast Milk,,
486,21:17:44 04-09-2021,21:27:49 04-09-2021,Left Breast,,,,10,Breast Milk,,
485,19:43:40 04-09-2021,19:58:06 04-09-2021,Left Breast,,,,14,Breast Milk,,
484,17:50:57 04-09-2021,18:04:18 04-09-2021,Right Breast,,,,13,Breast Milk,,
483,17:36:42 04-09-2021,17:39:44 04-09-2021,Right Breast,,,,3,Breast Milk,,
482,17:22:15 04-09-2021,17:36:37 04-09-2021,Right Breast,,,,14,Breast Milk,,
481,15:07:31 04-09-2021,15:15:59 04-09-2021,Left Breast,,,,8,Breast Milk,,
480,12:35:51 04-09-2021,12:47:23 04-09-2021,Right Breast,,,,11,Breast Milk,,
479,09:30:11 04-09-2021,09:33:26 04-09-2021,Left Breast,,,,3,Breast Milk,,
478,09:09:59 04-09-2021,09:20:03 04-09-2021,Right Breast,,,,10,Breast Milk,,
477,06:39:54 04-09-2021,06:47:03 04-09-2021,Left Breast,,,,7,Breast Milk,,
476,04:30:36 04-09-2021,04:40:58 04-09-2021,Right Breast,,,,10,Breast Milk,,
475,02:02:30 04-09-2021,02:08:04 04-09-2021,Left Breast,,,,5,Breast Milk,,
474,23:29:20 04-08-2021,23:37:24 04-08-2021,Right Breast,,,,8,Breast Milk,,
473,20:48:13 04-08-2021,20:55:47 04-08-2021,Left Breast,,,,7,Breast Milk,,
472,18:53:50 04-08-2021,19:03:54 04-08-2021,Right Breast,,,,10,Breast Milk,,
471,17:28:51 04-08-2021,17:39:18 04-08-2021,Right Breast,,,,10,Breast Milk,,
469,14:53:32 04-08-2021,15:05:07 04-08-2021,Left Breast,,,,11,Breast Milk,,
468,11:58:35 04-08-2021,12:06:51 04-08-2021,Right Breast,,,,8,Breast Milk,,
467,08:44:48 04-08-2021,08:54:52 04-08-2021,Left Breast,,,,10,Breast Milk,,
466,05:12:04 04-08-2021,05:18:41 04-08-2021,Right Breast,,,,6,Breast Milk,,
465,03:27:45 04-08-2021,03:35:38 04-08-2021,Left Breast,,,,7,Breast Milk,,
464,00:26:40 04-08-2021,00:32:25 04-08-2021,Left Breast,,,,5,Breast Milk,,
463,21:33:45 04-07-2021,21:43:18 04-07-2021,Right Breast,,,,9,Breast Milk,,
462,18:38:58 04-07-2021,18:47:02 04-07-2021,Left Breast,,,,8,Breast Milk,,
461,16:04:01 04-07-2021,16:12:45 04-07-2021,Right Breast,,,,8,Breast Milk,,
460,13:06:55 04-07-2021,13:14:59 04-07-2021,Left Breast,,,,8,Breast Milk,,
459,09:46:16 04-07-2021,09:52:18 04-07-2021,Right Breast,,,,6,Breast Milk,,
458,07:38:42 04-07-2021,07:47:32 04-07-2021,Left Breast,,,,8,Breast Milk,,
456,04:51:17 04-07-2021,04:58:21 04-07-2021,Left Breast,,,,7,Breast Milk,,
455,01:33:01 04-07-2021,01:38:30 04-07-2021,Right Breast,,,,5,Breast Milk,,
454,01:18:04 04-07-2021,01:24:53 04-07-2021,Left Breast,,,,6,Breast Milk,,
452,20:46:37 04-06-2021,20:52:40 04-06-2021,Right Breast,,,,6,Breast Milk,,
453,20:40:37 04-06-2021,20:45:38 04-06-2021,Left Breast,,,,5,Breast Milk,,
451,19:59:10 04-06-2021,20:02:34 04-06-2021,Right Breast,,,,3,Breast Milk,,
450,19:48:28 04-06-2021,19:59:01 04-06-2021,Left Breast,,,,10,Breast Milk,,
449,17:36:40 04-06-2021,17:51:46 04-06-2021,Right Breast,,,,15,Breast Milk,,
448,15:34:19 04-06-2021,15:42:37 04-06-2021,Left Breast,,,,8,Breast Milk,,
447,12:35:15 04-06-2021,12:48:20 04-06-2021,Right Breast,,,,13,Breast Milk,,
446,10:10:32 04-06-2021,10:21:46 04-06-2021,Left Breast,,,,11,Breast Milk,,
445,07:42:20 04-06-2021,07:48:16 04-06-2021,Right Breast,,,,5,Breast Milk,,
444,04:58:06 04-06-2021,05:07:21 04-06-2021,Left Breast,,,,9,Breast Milk,,
443,01:09:25 04-06-2021,01:15:23 04-06-2021,Right Breast,,,,5,Breast Milk,,
442,21:14:03 04-05-2021,21:18:20 04-05-2021,Right Breast,,,,4,Breast Milk,,
441,20:59:04 04-05-2021,21:11:07 04-05-2021,Left Breast,,,,12,Breast Milk,,
439,17:36:05 04-05-2021,17:42:02 04-05-2021,Left Breast,,,,5,Breast Milk,,
440,17:20:15 04-05-2021,17:28:18 04-05-2021,Right Breast,,,,8,Breast Milk,,
438,14:37:54 04-05-2021,14:45:59 04-05-2021,Left Breast,,,,8,Breast Milk,,
437,11:26:20 04-05-2021,11:33:29 04-05-2021,Right Breast,,,,7,Breast Milk,,
436,11:17:30 04-05-2021,11:25:08 04-05-2021,Left Breast,,,,7,Breast Milk,,
435,08:47:41 04-05-2021,08:48:32 04-05-2021,Right Breast,,,,0,Breast Milk,,
434,08:36:57 04-05-2021,08:46:25 04-05-2021,Left Breast,,,,9,Breast Milk,,
433,04:52:10 04-05-2021,05:09:50 04-05-2021,Right Breast,,,,17,Breast Milk,,
432,00:47:15 04-05-2021,00:57:19 04-05-2021,Left Breast,,,,10,Breast Milk,,
431,21:14:38 04-04-2021,21:25:36 04-04-2021,Right Breast,,,,10,Breast Milk,,
430,19:15:17 04-04-2021,19:23:19 04-04-2021,Left Breast,,,,8,Breast Milk,,
429,19:05:01 04-04-2021,19:11:35 04-04-2021,Right Breast,,,,6,Breast Milk,,
427,17:21:24 04-04-2021,17:31:20 04-04-2021,Left Breast,,,,9,Breast Milk,,
426,14:31:53 04-04-2021,14:41:10 04-04-2021,Right Breast,,,,9,Breast Milk,,
425,14:19:59 04-04-2021,14:30:24 04-04-2021,Left Breast,,,,10,Breast Milk,,
424,12:14:49 04-04-2021,12:25:27 04-04-2021,Right Breast,,,,10,Breast Milk,,
423,10:11:04 04-04-2021,10:16:47 04-04-2021,Left Breast,,,,5,Breast Milk,,
422,08:15:37 04-04-2021,08:20:18 04-04-2021,Right Breast,,,,4,Breast Milk,,
421,08:03:27 04-04-2021,08:10:15 04-04-2021,Left Breast,,,,6,Breast Milk,,
420,06:43:39 04-04-2021,06:48:16 04-04-2021,Right Breast,,,,4,Breast Milk,,
419,05:37:56 04-04-2021,05:44:31 04-04-2021,Left Breast,,,,6,Breast Milk,,
418,02:27:17 04-04-2021,02:40:31 04-04-2021,Right Breast,,,,13,Breast Milk,,
417,02:23:42 04-04-2021,02:26:29 04-04-2021,Left Breast,,,,2,Breast Milk,,
416,23:36:26 04-03-2021,23:45:28 04-03-2021,Left Breast,,,,9,Breast Milk,,
415,23:07:57 04-03-2021,23:19:07 04-03-2021,Right Breast,,,,11,Breast Milk,,
414,20:27:24 04-03-2021,20:35:55 04-03-2021,Left Breast,,,,8,Breast Milk,,
413,19:54:41 04-03-2021,20:01:04 04-03-2021,Left Breast,,,,6,Breast Milk,,
412,18:27:19 04-03-2021,18:28:50 04-03-2021,Left Breast,,,,1,Breast Milk,,
411,18:14:27 04-03-2021,18:27:10 04-03-2021,Right Breast,,,,12,Breast Milk,,
410,16:01:18 04-03-2021,16:12:43 04-03-2021,Left Breast,,,,11,Breast Milk,,
409,14:48:56 04-03-2021,14:56:17 04-03-2021,Right Breast,,,,7,Breast Milk,,
408,12:55:38 04-03-2021,13:00:58 04-03-2021,Left Breast,,,,5,Breast Milk,,
407,10:13:56 04-03-2021,10:21:50 04-03-2021,Right Breast,,,,7,Breast Milk,,
406,08:54:38 04-03-2021,08:56:44 04-03-2021,Right Breast,,,,2,Breast Milk,,
405,08:44:54 04-03-2021,08:51:31 04-03-2021,Left Breast,,,,6,Breast Milk,,
404,06:04:58 04-03-2021,06:14:47 04-03-2021,Right Breast,,,,9,Breast Milk,,
403,03:26:29 04-03-2021,03:35:23 04-03-2021,Left Breast,,,,8,Breast Milk,,
402,00:31:04 04-03-2021,00:39:38 04-03-2021,Right Breast,,,,8,Breast Milk,,
401,00:28:20 04-03-2021,00:29:06 04-03-2021,Left Breast,,,,0,Breast Milk,,
400,20:28:26 04-02-2021,20:34:37 04-02-2021,Right Breast,,,,6,Breast Milk,,
399,20:22:13 04-02-2021,20:28:17 04-02-2021,Left Breast,,,,6,Breast Milk,,
398,19:04:33 04-02-2021,19:07:49 04-02-2021,Right Breast,,,,3,Breast Milk,,
397,18:54:08 04-02-2021,18:59:18 04-02-2021,Left Breast,,,,5,Breast Milk,,
396,17:08:28 04-02-2021,17:18:35 04-02-2021,Right Breast,,,,10,Breast Milk,,
395,16:59:39 04-02-2021,17:06:57 04-02-2021,Left Breast,,,,7,Breast Milk,,
394,14:34:14 04-02-2021,14:36:57 04-02-2021,Right Breast,,,,2,Breast Milk,,
393,14:23:12 04-02-2021,14:29:25 04-02-2021,Left Breast,,,,6,Breast Milk,,
392,11:47:44 04-02-2021,11:53:52 04-02-2021,Right Breast,,,,6,Breast Milk,,
390,08:54:13 04-02-2021,08:56:22 04-02-2021,Right Breast,,,,2,Breast Milk,,
389,08:42:43 04-02-2021,08:47:52 04-02-2021,Left Breast,,,,5,Breast Milk,,
388,06:29:34 04-02-2021,06:55:20 04-02-2021,Right Breast,,,,25,Breast Milk,,
387,03:26:33 04-02-2021,03:35:15 04-02-2021,Left Breast,,,,8,Breast Milk,,
386,00:34:22 04-02-2021,00:39:18 04-02-2021,Left Breast,,,,4,Breast Milk,,
385,23:58:08 04-01-2021,00:07:21 04-02-2021,Right Breast,,,,9,Breast Milk,,
384,20:16:38 04-01-2021,20:26:24 04-01-2021,Left Breast,,,,9,Breast Milk,,
383,17:49:49 04-01-2021,17:55:03 04-01-2021,Right Breast,,,,5,Breast Milk,,
382,17:41:26 04-01-2021,17:48:07 04-01-2021,Left Breast,,,,6,Breast Milk,,
381,16:04:41 04-01-2021,16:21:04 04-01-2021,Right Breast,,,,16,Breast Milk,,
380,13:57:54 04-01-2021,14:01:03 04-01-2021,Left Breast,,,,3,Breast Milk,,
379,13:20:27 04-01-2021,13:23:33 04-01-2021,Left Breast,,,,3,Breast Milk,,
378,13:13:23 04-01-2021,13:19:41 04-01-2021,Right Breast,,,,6,Breast Milk,,
377,08:44:57 04-01-2021,08:52:09 04-01-2021,Left Breast,,,,7,Breast Milk,,
376,08:35:35 04-01-2021,08:43:55 04-01-2021,Right Breast,,,,8,Breast Milk,,
375,06:07:15 04-01-2021,06:08:26 04-01-2021,Left Breast,,,,1,Breast Milk,,
374,05:55:58 04-01-2021,06:00:00 04-01-2021,Right Breast,,,,4,Breast Milk,,
373,03:56:35 04-01-2021,04:02:52 04-01-2021,Left Breast,,,,6,Breast Milk,,
372,02:43:27 04-01-2021,02:50:37 04-01-2021,Right Breast,,,,7,Breast Milk,,
371,00:00:24 04-01-2021,00:05:42 04-01-2021,Bottle,3.38,100,,5,Liquid,METRIC,Pump
370,20:22:38 03-31-2021,20:36:41 03-31-2021,Left Breast,,,,14,Breast Milk,,
369,19:59:56 03-31-2021,20:07:17 03-31-2021,Right Breast,,,,7,Breast Milk,,
368,18:49:05 03-31-2021,18:53:42 03-31-2021,Right Breast,,,,4,Breast Milk,,
367,18:40:37 03-31-2021,18:47:27 03-31-2021,Left Breast,,,,6,Breast Milk,,
366,16:37:20 03-31-2021,16:45:18 03-31-2021,Right Breast,,,,7,Breast Milk,,
365,16:24:45 03-31-2021,16:31:15 03-31-2021,Left Breast,,,,6,Breast Milk,,
364,13:20:03 03-31-2021,13:28:24 03-31-2021,Left Breast,,,,8,Breast Milk,,
363,13:12:11 03-31-2021,13:18:55 03-31-2021,Right Breast,,,,6,Breast Milk,,
362,10:55:21 03-31-2021,11:07:56 03-31-2021,Left Breast,,,,12,Breast Milk,,
361,08:26:42 03-31-2021,08:40:05 03-31-2021,Right Breast,,,,13,Breast Milk,,
360,06:46:40 03-31-2021,06:50:33 03-31-2021,Right Breast,,,,3,Breast Milk,,
359,04:33:35 03-31-2021,04:45:18 03-31-2021,Left Breast,,,,11,Breast Milk,,
357,02:42:37 03-31-2021,02:53:00 03-31-2021,Right Breast,,,,10,Breast Milk,,
356,23:18:37 03-30-2021,23:32:19 03-30-2021,Left Breast,,,,13,Breast Milk,,
355,20:25:16 03-30-2021,20:28:04 03-30-2021,Right Breast,,,,2,Breast Milk,,
354,19:45:41 03-30-2021,20:04:06 03-30-2021,Right Breast,,,,18,Breast Milk,,
353,19:07:52 03-30-2021,19:42:31 03-30-2021,Left Breast,,,,34,Breast Milk,,
352,16:45:45 03-30-2021,17:02:17 03-30-2021,Right Breast,,,,16,Breast Milk,,
351,14:48:25 03-30-2021,14:56:20 03-30-2021,Left Breast,,,,7,Breast Milk,,
350,13:45:24 03-30-2021,13:53:34 03-30-2021,Right Breast,,,,8,Breast Milk,,
349,10:40:43 03-30-2021,10:47:20 03-30-2021,Left Breast,,,,6,Breast Milk,,
347,08:41:36 03-30-2021,09:01:13 03-30-2021,Right Breast,,,,19,Breast Milk,,
346,06:07:59 03-30-2021,06:13:33 03-30-2021,Left Breast,,,,5,Breast Milk,,
345,05:33:21 03-30-2021,05:41:05 03-30-2021,Left Breast,,,,7,Breast Milk,,
344,02:48:33 03-30-2021,03:02:39 03-30-2021,Right Breast,,,,14,Breast Milk,,
343,23:39:27 03-29-2021,23:55:21 03-29-2021,Left Breast,,,,15,Breast Milk,,
342,21:37:45 03-29-2021,21:54:44 03-29-2021,Right Breast,,,,16,Breast Milk,,
341,20:12:46 03-29-2021,20:24:37 03-29-2021,Left Breast,,,,11,Breast Milk,,
340,19:22:45 03-29-2021,19:30:44 03-29-2021,Right Breast,,,,7,Breast Milk,,
339,19:09:18 03-29-2021,19:20:57 03-29-2021,Left Breast,,,,11,Breast Milk,,
338,16:27:17 03-29-2021,16:47:50 03-29-2021,Right Breast,,,,20,Breast Milk,,
337,13:17:17 03-29-2021,13:24:02 03-29-2021,Left Breast,,,,6,Breast Milk,,
336,11:12:36 03-29-2021,11:24:37 03-29-2021,Right Breast,,,,12,Breast Milk,,
335,09:04:52 03-29-2021,09:14:23 03-29-2021,Left Breast,,,,9,Breast Milk,,
334,06:32:48 03-29-2021,06:45:12 03-29-2021,Right Breast,,,,12,Breast Milk,,
333,03:25:56 03-29-2021,03:34:19 03-29-2021,Left Breast,,,,8,Breast Milk,,
332,01:43:14 03-29-2021,01:51:51 03-29-2021,Right Breast,,,,8,Breast Milk,,
331,00:40:30 03-29-2021,00:49:35 03-29-2021,Left Breast,,,,9,Breast Milk,,
330,20:45:41 03-28-2021,20:56:12 03-28-2021,Right Breast,,,,10,Breast Milk,,
329,17:34:05 03-28-2021,17:46:43 03-28-2021,Left Breast,,,,12,Breast Milk,,
328,15:32:25 03-28-2021,15:40:52 03-28-2021,Right Breast,,,,8,Breast Milk,,
327,12:53:24 03-28-2021,13:03:37 03-28-2021,Left Breast,,,,10,Breast Milk,,
326,12:10:33 03-28-2021,12:16:39 03-28-2021,Right Breast,,,,6,Breast Milk,,
325,09:14:50 03-28-2021,09:25:14 03-28-2021,Left Breast,,,,10,Breast Milk,,
324,06:05:11 03-28-2021,06:15:21 03-28-2021,Right Breast,,,,10,Breast Milk,,
323,01:57:18 03-28-2021,03:02:05 03-28-2021,Left Breast,,,,4,Breast Milk,,
321,00:55:10 03-28-2021,01:11:46 03-28-2021,Right Breast,,,,16,Breast Milk,,
322,22:12:52 03-27-2021,22:22:55 03-27-2021,Bottle,3.38,100,,10,Liquid,METRIC,Milk
319,18:30:56 03-27-2021,18:44:25 03-27-2021,Left Breast,,,,13,Breast Milk,,
318,16:40:09 03-27-2021,16:48:37 03-27-2021,Right Breast,,,,8,Breast Milk,,
317,14:19:47 03-27-2021,14:32:38 03-27-2021,Left Breast,,,,12,Breast Milk,,
316,10:52:34 03-27-2021,11:02:08 03-27-2021,Right Breast,,,,9,Breast Milk,,
314,08:38:18 03-27-2021,08:49:07 03-27-2021,Left Breast,,,,10,Breast Milk,,
313,05:55:34 03-27-2021,06:01:15 03-27-2021,Right Breast,,,,5,Breast Milk,,
312,04:22:47 03-27-2021,04:26:41 03-27-2021,Right Breast,,,,3,Breast Milk,,
311,01:35:11 03-27-2021,01:49:02 03-27-2021,Left Breast,,,,13,Breast Milk,,
310,01:08:22 03-27-2021,01:13:17 03-27-2021,Left Breast,,,,4,Breast Milk,,
309,20:42:39 03-26-2021,20:53:09 03-26-2021,Bottle,4.06,120,,10,Liquid,METRIC,Pump
308,17:17:56 03-26-2021,17:31:08 03-26-2021,Left Breast,,,,13,Breast Milk,,
307,14:48:50 03-26-2021,15:03:55 03-26-2021,Right Breast,,,,15,Breast Milk,,
306,12:11:15 03-26-2021,12:21:39 03-26-2021,Left Breast,,,,10,Breast Milk,,
305,08:49:09 03-26-2021,08:54:42 03-26-2021,Left Breast,,,,5,Breast Milk,,
304,08:36:17 03-26-2021,08:46:27 03-26-2021,Right Breast,,,,10,Breast Milk,,
303,06:08:23 03-26-2021,06:15:19 03-26-2021,Left Breast,,,,6,Breast Milk,,
302,05:00:04 03-26-2021,05:09:20 03-26-2021,Right Breast,,,,9,Breast Milk,,
301,04:40:44 03-26-2021,04:44:50 03-26-2021,Right Breast,,,,4,Breast Milk,,
300,02:15:36 03-26-2021,02:28:47 03-26-2021,Left Breast,,,,13,Breast Milk,,
299,00:00:16 03-26-2021,00:10:15 03-26-2021,Right Breast,,,,9,Breast Milk,,
298,20:38:08 03-25-2021,20:49:03 03-25-2021,Left Breast,,,,10,Breast Milk,,
297,20:04:15 03-25-2021,20:11:58 03-25-2021,Left Breast,,,,7,Breast Milk,,
296,18:09:36 03-25-2021,18:23:29 03-25-2021,Right Breast,,,,13,Breast Milk,,
295,16:43:59 03-25-2021,16:55:05 03-25-2021,Left Breast,,,,11,Breast Milk,,
294,14:57:14 03-25-2021,15:11:05 03-25-2021,Right Breast,,,,13,Breast Milk,,
293,11:20:47 03-25-2021,11:32:41 03-25-2021,Left Breast,,,,11,Breast Milk,,
292,08:51:29 03-25-2021,09:03:36 03-25-2021,Right Breast,,,,12,Breast Milk,,
291,06:32:24 03-25-2021,06:40:55 03-25-2021,Left Breast,,,,8,Breast Milk,,
290,05:11:28 03-25-2021,05:25:59 03-25-2021,Right Breast,,,,14,Breast Milk,,
289,03:08:30 03-25-2021,03:13:09 03-25-2021,Left Breast,,,,4,Breast Milk,,
288,01:21:14 03-25-2021,01:31:35 03-25-2021,Right Breast,,,,10,Breast Milk,,
287,23:42:52 03-24-2021,23:53:07 03-24-2021,Left Breast,,,,10,Breast Milk,,
286,21:47:17 03-24-2021,22:00:31 03-24-2021,Left Breast,,,,13,Breast Milk,,
285,18:41:02 03-24-2021,18:55:21 03-24-2021,Left Breast,,,,14,Breast Milk,,
284,16:37:57 03-24-2021,16:47:08 03-24-2021,Right Breast,,,,9,Breast Milk,,
283,14:39:48 03-24-2021,14:55:19 03-24-2021,Left Breast,,,,15,Breast Milk,,
282,12:33:36 03-24-2021,12:38:50 03-24-2021,Left Breast,,,,5,Breast Milk,,
281,10:01:10 03-24-2021,10:05:21 03-24-2021,Right Breast,,,,4,Breast Milk,,
280,08:19:48 03-24-2021,08:29:55 03-24-2021,Left Breast,,,,10,Breast Milk,,
279,06:01:12 03-24-2021,06:06:29 03-24-2021,Right Breast,,,,5,Breast Milk,,
278,05:27:48 03-24-2021,05:34:55 03-24-2021,Right Breast,,,,7,Breast Milk,,
277,02:25:38 03-24-2021,02:27:40 03-24-2021,Right Breast,,,,2,Breast Milk,,
276,00:29:37 03-24-2021,00:39:48 03-24-2021,Left Breast,,,,10,Breast Milk,,
275,20:06:31 03-23-2021,20:14:44 03-23-2021,Right Breast,,,,8,Breast Milk,,
274,18:38:01 03-23-2021,18:48:24 03-23-2021,Left Breast,,,,10,Breast Milk,,
273,16:33:51 03-23-2021,16:44:27 03-23-2021,Right Breast,,,,10,Breast Milk,,
272,14:00:02 03-23-2021,14:17:12 03-23-2021,Left Breast,,,,17,Breast Milk,,
271,11:01:08 03-23-2021,11:11:39 03-23-2021,Right Breast,,,,10,Breast Milk,,
269,08:38:53 03-23-2021,08:54:03 03-23-2021,Left Breast,,,,15,Breast Milk,,
268,06:04:17 03-23-2021,06:16:56 03-23-2021,Right Breast,,,,12,Breast Milk,,
267,04:35:28 03-23-2021,04:40:02 03-23-2021,Left Breast,,,,4,Breast Milk,,
266,02:57:47 03-23-2021,03:03:28 03-23-2021,Right Breast,,,,5,Breast Milk,,
265,01:18:36 03-23-2021,01:26:49 03-23-2021,Left Breast,,,,8,Breast Milk,,
264,23:12:18 03-22-2021,23:22:20 03-22-2021,Right Breast,,,,10,Breast Milk,,
263,19:32:45 03-22-2021,19:39:50 03-22-2021,Left Breast,,,,7,Breast Milk,,
262,18:45:20 03-22-2021,18:59:32 03-22-2021,Right Breast,,,,14,Breast Milk,,
260,18:22:38 03-22-2021,18:23:56 03-22-2021,Left Breast,,,,1,Breast Milk,,
259,15:29:48 03-22-2021,15:41:11 03-22-2021,Left Breast,,,,11,Breast Milk,,
258,12:09:10 03-22-2021,12:18:36 03-22-2021,Right Breast,,,,9,Breast Milk,,
257,08:34:13 03-22-2021,08:39:26 03-22-2021,Right Breast,,,,5,Breast Milk,,
256,08:21:33 03-22-2021,08:29:01 03-22-2021,Left Breast,,,,7,Breast Milk,,
255,04:45:52 03-22-2021,04:52:22 03-22-2021,Left Breast,,,,6,Breast Milk,,
254,03:05:30 03-22-2021,03:16:45 03-22-2021,Right Breast,,,,11,Breast Milk,,
253,23:43:35 03-21-2021,23:50:58 03-21-2021,Left Breast,,,,7,Breast Milk,,
252,19:18:54 03-21-2021,19:34:39 03-21-2021,Right Breast,,,,15,Breast Milk,,
251,17:14:09 03-21-2021,17:21:26 03-21-2021,Left Breast,,,,7,Breast Milk,,
250,14:18:08 03-21-2021,14:40:10 03-21-2021,Right Breast,,,,22,Breast Milk,,
249,11:05:21 03-21-2021,11:12:45 03-21-2021,Left Breast,,,,7,Breast Milk,,
248,08:50:09 03-21-2021,09:02:38 03-21-2021,Right Breast,,,,12,Breast Milk,,
247,05:46:09 03-21-2021,05:51:21 03-21-2021,Left Breast,,,,5,Breast Milk,,
246,03:14:34 03-21-2021,03:24:11 03-21-2021,Right Breast,,,,9,Breast Milk,,
245,00:11:59 03-21-2021,00:22:38 03-21-2021,Left Breast,,,,10,Breast Milk,,
244,20:44:55 03-20-2021,20:55:03 03-20-2021,Right Breast,,,,10,Breast Milk,,
243,18:52:46 03-20-2021,19:00:38 03-20-2021,Left Breast,,,,7,Breast Milk,,
242,17:03:45 03-20-2021,17:17:30 03-20-2021,Right Breast,,,,13,Breast Milk,,
241,14:30:56 03-20-2021,14:40:40 03-20-2021,Left Breast,,,,9,Breast Milk,,
240,11:46:30 03-20-2021,11:51:58 03-20-2021,Right Breast,,,,5,Breast Milk,,
239,11:26:40 03-20-2021,11:36:44 03-20-2021,Left Breast,,,,10,Breast Milk,,
238,07:50:07 03-20-2021,08:16:32 03-20-2021,Left Breast,,,,26,Breast Milk,,
237,04:53:25 03-20-2021,05:03:59 03-20-2021,Right Breast,,,,10,Breast Milk,,
236,04:26:31 03-20-2021,04:33:13 03-20-2021,Right Breast,,,,6,Breast Milk,,
235,01:08:36 03-20-2021,01:18:38 03-20-2021,Left Breast,,,,10,Breast Milk,,
234,21:21:39 03-19-2021,21:30:01 03-19-2021,Right Breast,,,,8,Breast Milk,,
233,20:30:23 03-19-2021,20:40:28 03-19-2021,Left Breast,,,,10,Breast Milk,,
232,18:51:51 03-19-2021,18:55:17 03-19-2021,Left Breast,,,,3,Breast Milk,,
231,18:38:12 03-19-2021,18:49:24 03-19-2021,Right Breast,,,,11,Breast Milk,,
230,15:41:32 03-19-2021,16:04:22 03-19-2021,Left Breast,,,,22,Breast Milk,,
229,12:25:22 03-19-2021,12:38:07 03-19-2021,Right Breast,,,,12,Breast Milk,,
228,08:44:36 03-19-2021,08:55:48 03-19-2021,Left Breast,,,,11,Breast Milk,,
227,06:09:27 03-19-2021,06:16:55 03-19-2021,Right Breast,,,,7,Breast Milk,,
226,05:55:09 03-19-2021,06:01:49 03-19-2021,Right Breast,,,,6,Breast Milk,,
225,02:23:42 03-19-2021,02:53:39 03-19-2021,Left Breast,,,,29,Breast Milk,,
224,23:15:05 03-18-2021,23:20:23 03-18-2021,Right Breast,,,,5,Breast Milk,,
223,21:44:00 03-18-2021,21:54:06 03-18-2021,Left Breast,,,,10,Breast Milk,,
222,19:11:49 03-18-2021,19:27:12 03-18-2021,Right Breast,,,,15,Breast Milk,,
221,17:40:39 03-18-2021,17:55:28 03-18-2021,Left Breast,,,,14,Breast Milk,,
220,15:42:29 03-18-2021,15:47:45 03-18-2021,Right Breast,,,,5,Breast Milk,,
219,12:58:04 03-18-2021,13:15:28 03-18-2021,Left Breast,,,,17,Breast Milk,,
218,11:11:46 03-18-2021,11:19:44 03-18-2021,Right Breast,,,,7,Breast Milk,,
217,08:13:41 03-18-2021,08:29:46 03-18-2021,Left Breast,,,,16,Breast Milk,,
216,05:25:09 03-18-2021,05:30:50 03-18-2021,Right Breast,,,,5,Breast Milk,,
215,05:02:00 03-18-2021,05:06:40 03-18-2021,Right Breast,,,,4,Breast Milk,,
213,02:22:19 03-18-2021,02:29:58 03-18-2021,Left Breast,,,,7,Breast Milk,,
212,23:02:23 03-17-2021,23:15:29 03-17-2021,Right Breast,,,,13,Breast Milk,,
211,19:25:45 03-17-2021,19:45:28 03-17-2021,Left Breast,,,,19,Breast Milk,,
210,16:47:35 03-17-2021,16:55:49 03-17-2021,Left Breast,,,,8,Breast Milk,,
209,16:23:00 03-17-2021,16:38:31 03-17-2021,Right Breast,,,,15,Breast Milk,,
208,13:48:07 03-17-2021,13:50:20 03-17-2021,Right Breast,,,,2,Breast Milk,,
207,11:17:43 03-17-2021,11:27:42 03-17-2021,Left Breast,,,,9,Breast Milk,,
206,08:50:38 03-17-2021,08:58:54 03-17-2021,Right Breast,,,,8,Breast Milk,,
205,06:14:06 03-17-2021,06:22:20 03-17-2021,Left Breast,,,,8,Breast Milk,,
204,04:15:37 03-17-2021,04:23:32 03-17-2021,Right Breast,,,,7,Breast Milk,,
203,03:54:36 03-17-2021,04:01:35 03-17-2021,Right Breast,,,,6,Breast Milk,,
202,00:27:51 03-17-2021,00:36:05 03-17-2021,Left Breast,,,,8,Breast Milk,,
200,23:37:50 03-16-2021,23:44:14 03-16-2021,Left Breast,,,,6,Breast Milk,,
199,20:04:31 03-16-2021,20:17:11 03-16-2021,Right Breast,,,,12,Breast Milk,,
198,19:01:25 03-16-2021,19:21:53 03-16-2021,Left Breast,,,,20,Breast Milk,,
197,18:04:38 03-16-2021,18:14:10 03-16-2021,Left Breast,,,,9,Breast Milk,,
196,16:23:49 03-16-2021,16:33:59 03-16-2021,Right Breast,,,,10,Breast Milk,,
195,14:03:11 03-16-2021,14:13:16 03-16-2021,Left Breast,,,,10,Breast Milk,,
194,12:05:38 03-16-2021,12:17:49 03-16-2021,Right Breast,,,,12,Breast Milk,,
193,10:22:34 03-16-2021,10:32:38 03-16-2021,Left Breast,,,,10,Breast Milk,,
192,08:37:45 03-16-2021,08:52:17 03-16-2021,Right Breast,,,,14,Breast Milk,,
191,06:22:54 03-16-2021,06:38:54 03-16-2021,Left Breast,,,,16,Breast Milk,,
190,03:10:52 03-16-2021,03:30:59 03-16-2021,Right Breast,,,,20,Breast Milk,,
189,00:00:49 03-16-2021,00:13:52 03-16-2021,Left Breast,,,,13,Breast Milk,,
188,19:53:22 03-15-2021,20:03:26 03-15-2021,Right Breast,,,,10,Breast Milk,,
186,19:05:20 03-15-2021,19:10:59 03-15-2021,Right Breast,,,,5,Breast Milk,,
185,17:40:53 03-15-2021,18:01:01 03-15-2021,Left Breast,,,,20,Breast Milk,,
184,15:43:28 03-15-2021,15:51:40 03-15-2021,Left Breast,,,,8,Breast Milk,,
183,13:29:59 03-15-2021,13:42:01 03-15-2021,Right Breast,,,,12,Breast Milk,,
182,10:51:59 03-15-2021,11:13:43 03-15-2021,Left Breast,,,,21,Breast Milk,,
181,08:32:45 03-15-2021,08:40:08 03-15-2021,Right Breast,,,,7,Breast Milk,,
180,06:30:46 03-15-2021,06:36:42 03-15-2021,Left Breast,,,,5,Breast Milk,,
179,05:59:10 03-15-2021,06:04:23 03-15-2021,Left Breast,,,,5,Breast Milk,,
178,04:12:55 03-15-2021,04:28:03 03-15-2021,Left Breast,,,,15,Breast Milk,,
177,01:25:25 03-15-2021,01:35:23 03-15-2021,Right Breast,,,,9,Breast Milk,,
176,00:54:48 03-15-2021,01:02:04 03-15-2021,Right Breast,,,,7,Breast Milk,,
175,21:39:27 03-14-2021,21:52:04 03-14-2021,Left Breast,,,,12,Breast Milk,,
174,18:42:29 03-14-2021,19:02:33 03-14-2021,Right Breast,,,,20,Breast Milk,,
173,15:52:55 03-14-2021,16:23:13 03-14-2021,Right Breast,,,,30,Breast Milk,,
172,14:33:36 03-14-2021,14:48:21 03-14-2021,Right Breast,,,,14,Breast Milk,,
171,12:31:57 03-14-2021,12:42:28 03-14-2021,Left Breast,,,,10,Breast Milk,,
170,10:21:34 03-14-2021,10:30:51 03-14-2021,Right Breast,,,,9,Breast Milk,,
169,08:04:03 03-14-2021,08:19:14 03-14-2021,Left Breast,,,,15,Breast Milk,,
168,05:08:10 03-14-2021,05:31:48 03-14-2021,Right Breast,,,,23,Breast Milk,,
167,03:27:18 03-14-2021,03:37:25 03-14-2021,Left Breast,,,,10,Breast Milk,,
166,00:55:08 03-14-2021,01:06:04 03-14-2021,Right Breast,,,,10,Breast Milk,,
165,22:05:41 03-13-2021,22:15:26 03-13-2021,Left Breast,,,,9,Breast Milk,,
164,18:25:48 03-13-2021,18:40:52 03-13-2021,Right Breast,,,,15,Breast Milk,,
163,17:30:19 03-13-2021,17:37:49 03-13-2021,Right Breast,,,,7,Breast Milk,,
162,15:59:35 03-13-2021,16:10:15 03-13-2021,Left Breast,,,,10,Breast Milk,,
161,14:04:45 03-13-2021,14:11:08 03-13-2021,Left Breast,,,,6,Breast Milk,,
160,12:39:13 03-13-2021,12:44:13 03-13-2021,Right Breast,,,,5,Breast Milk,,
159,10:36:51 03-13-2021,10:52:11 03-13-2021,Left Breast,,,,15,Breast Milk,,
158,08:36:58 03-13-2021,08:46:18 03-13-2021,Right Breast,,,,9,Breast Milk,,
157,06:11:53 03-13-2021,06:19:20 03-13-2021,Left Breast,,,,7,Breast Milk,,
156,04:54:00 03-13-2021,04:59:02 03-13-2021,Right Breast,,,,5,Breast Milk,,
155,04:20:03 03-13-2021,04:24:07 03-13-2021,Right Breast,,,,4,Breast Milk,,
154,02:50:55 03-13-2021,03:05:59 03-13-2021,Left Breast,,,,15,Breast Milk,,
153,23:31:11 03-12-2021,23:49:06 03-12-2021,Right Breast,,,,17,Breast Milk,,
152,20:20:19 03-12-2021,20:28:17 03-12-2021,Left Breast,,,,7,Breast Milk,,
151,19:35:13 03-12-2021,19:45:17 03-12-2021,Left Breast,,,,10,Breast Milk,,
150,18:00:50 03-12-2021,18:05:04 03-12-2021,Left Breast,,,,4,Breast Milk,,
149,17:35:31 03-12-2021,17:52:43 03-12-2021,Right Breast,,,,17,Breast Milk,,
148,17:05:17 03-12-2021,17:09:19 03-12-2021,Right Breast,,,,4,Breast Milk,,
147,14:06:45 03-12-2021,14:17:49 03-12-2021,Left Breast,,,,11,Breast Milk,,
146,13:19:17 03-12-2021,13:31:25 03-12-2021,Right Breast,,,,12,Breast Milk,,
145,11:16:49 03-12-2021,11:21:35 03-12-2021,Right Breast,,,,4,Breast Milk,,
144,09:01:00 03-12-2021,09:10:56 03-12-2021,Left Breast,,,,9,Breast Milk,,
143,07:26:30 03-12-2021,07:36:13 03-12-2021,Right Breast,,,,9,Breast Milk,,
142,04:30:49 03-12-2021,04:39:46 03-12-2021,Left Breast,,,,8,Breast Milk,,
141,03:05:34 03-12-2021,03:14:23 03-12-2021,Right Breast,,,,8,Breast Milk,,
140,03:02:20 03-12-2021,03:05:33 03-12-2021,Left Breast,,,,3,Breast Milk,,
139,01:24:56 03-12-2021,01:35:18 03-12-2021,Left Breast,,,,10,Breast Milk,,
138,23:49:31 03-11-2021,23:52:47 03-11-2021,Right Breast,,,,3,Breast Milk,,
137,22:00:05 03-11-2021,22:10:39 03-11-2021,Right Breast,,,,10,Breast Milk,,
136,21:19:44 03-11-2021,21:24:32 03-11-2021,Left Breast,,,,4,Breast Milk,,
135,19:16:15 03-11-2021,19:35:51 03-11-2021,Left Breast,,,,19,Breast Milk,,
134,18:12:36 03-11-2021,18:15:42 03-11-2021,Left Breast,,,,3,Breast Milk,,
133,16:19:12 03-11-2021,16:36:20 03-11-2021,Right Breast,,,,17,Breast Milk,,
132,12:51:33 03-11-2021,13:01:15 03-11-2021,Left Breast,,,,9,Breast Milk,,
131,09:39:02 03-11-2021,09:55:40 03-11-2021,Right Breast,,,,16,Breast Milk,,
130,06:37:58 03-11-2021,06:50:08 03-11-2021,Left Breast,,,,12,Breast Milk,,
129,03:23:58 03-11-2021,03:31:24 03-11-2021,Left Breast,,,,7,Breast Milk,,
128,02:44:26 03-11-2021,03:16:57 03-11-2021,Right Breast,,,,32,Breast Milk,,
127,00:45:09 03-11-2021,00:53:30 03-11-2021,Left Breast,,,,8,Breast Milk,,
126,21:27:44 03-10-2021,21:45:06 03-10-2021,Right Breast,,,,17,Breast Milk,,
125,17:54:45 03-10-2021,18:10:37 03-10-2021,Left Breast,,,,15,Breast Milk,,
124,15:01:53 03-10-2021,15:17:43 03-10-2021,Right Breast,,,,15,Breast Milk,,
123,13:08:32 03-10-2021,13:18:45 03-10-2021,Left Breast,,,,10,Breast Milk,,
122,10:51:43 03-10-2021,11:00:02 03-10-2021,Right Breast,,,,8,Breast Milk,,
121,08:35:57 03-10-2021,08:46:07 03-10-2021,Left Breast,,,,10,Breast Milk,,
120,05:21:37 03-10-2021,05:37:58 03-10-2021,Right Breast,,,,16,Breast Milk,,
119,03:15:04 03-10-2021,03:20:13 03-10-2021,Right Breast,,,,5,Breast Milk,,
118,02:57:19 03-10-2021,03:02:18 03-10-2021,Left Breast,,,,4,Breast Milk,,
117,01:23:07 03-10-2021,01:38:52 03-10-2021,Left Breast,,,,15,Breast Milk,,
116,23:51:48 03-09-2021,23:58:49 03-09-2021,Left Breast,,,,7,Breast Milk,,
115,19:57:41 03-09-2021,20:01:01 03-09-2021,Right Breast,,,,3,Breast Milk,,
114,19:50:07 03-09-2021,19:57:34 03-09-2021,Left Breast,,,,7,Breast Milk,,
113,18:25:00 03-09-2021,18:31:58 03-09-2021,Right Breast,,,,6,Breast Milk,,
112,15:24:18 03-09-2021,15:33:05 03-09-2021,Left Breast,,,,8,Breast Milk,,
111,13:18:02 03-09-2021,13:27:09 03-09-2021,Right Breast,,,,9,Breast Milk,,
110,12:02:29 03-09-2021,12:10:33 03-09-2021,Left Breast,,,,8,Breast Milk,,
109,08:44:27 03-09-2021,08:55:58 03-09-2021,Left Breast,,,,11,Breast Milk,,
108,08:29:58 03-09-2021,08:40:19 03-09-2021,Right Breast,,,,10,Breast Milk,,
107,05:46:51 03-09-2021,05:53:40 03-09-2021,Left Breast,,,,6,Breast Milk,,
106,04:42:28 03-09-2021,04:50:25 03-09-2021,Right Breast,,,,7,Breast Milk,,
105,01:57:53 03-09-2021,02:05:03 03-09-2021,Right Breast,,,,7,Breast Milk,,
104,01:50:43 03-09-2021,01:57:52 03-09-2021,Left Breast,,,,7,Breast Milk,,
103,22:08:46 03-08-2021,22:19:24 03-08-2021,Left Breast,,,,10,Breast Milk,,
102,20:07:29 03-08-2021,20:42:50 03-08-2021,Right Breast,,,,35,Breast Milk,,
101,16:58:05 03-08-2021,17:02:06 03-08-2021,Right Breast,,,,4,Breast Milk,,
100,16:41:42 03-08-2021,16:58:04 03-08-2021,Left Breast,,,,16,Breast Milk,,
99,15:39:32 03-08-2021,15:44:02 03-08-2021,Right Breast,,,,4,Breast Milk,,
98,13:50:32 03-08-2021,13:55:32 03-08-2021,Right Breast,,,,5,Breast Milk,,
97,12:18:26 03-08-2021,12:31:46 03-08-2021,Left Breast,,,,13,Breast Milk,,
96,10:04:14 03-08-2021,10:09:14 03-08-2021,Right Breast,,,,5,Breast Milk,,
95,08:33:08 03-08-2021,08:44:50 03-08-2021,Left Breast,,,,11,Breast Milk,,
94,06:52:26 03-08-2021,06:57:29 03-08-2021,Right Breast,,,,5,Breast Milk,,
93,04:48:00 03-08-2021,04:58:31 03-08-2021,Left Breast,,,,10,Breast Milk,,
92,01:17:04 03-08-2021,01:28:26 03-08-2021,Right Breast,,,,11,Breast Milk,,
91,21:41:09 03-07-2021,21:55:09 03-07-2021,Right Breast,,,,14,Breast Milk,,
90,20:42:45 03-07-2021,20:54:07 03-07-2021,Left Breast,,,,11,Breast Milk,,
89,18:37:20 03-07-2021,18:45:51 03-07-2021,Right Breast,,,,8,Breast Milk,,
88,18:26:01 03-07-2021,18:32:19 03-07-2021,Right Breast,,,,6,Breast Milk,,
87,17:23:24 03-07-2021,17:35:53 03-07-2021,Left Breast,,,,12,Breast Milk,,
86,15:21:43 03-07-2021,15:29:35 03-07-2021,Right Breast,,,,7,Breast Milk,,
85,13:41:25 03-07-2021,13:53:37 03-07-2021,Left Breast,,,,12,Breast Milk,,
84,11:38:13 03-07-2021,11:42:25 03-07-2021,Left Breast,,,,4,Breast Milk,,
83,10:30:04 03-07-2021,10:34:56 03-07-2021,Right Breast,,,,4,Breast Milk,,
82,08:37:37 03-07-2021,08:44:39 03-07-2021,Right Breast,,,,7,Breast Milk,,
81,06:26:55 03-07-2021,06:48:21 03-07-2021,Left Breast,,,,21,Breast Milk,,
80,04:15:29 03-07-2021,04:20:07 03-07-2021,Right Breast,,,,4,Breast Milk,,
79,03:00:09 03-07-2021,03:08:23 03-07-2021,Left Breast,,,,8,Breast Milk,,
78,02:40:43 03-07-2021,02:47:31 03-07-2021,Left Breast,,,,6,Breast Milk,,
77,02:01:46 03-07-2021,02:15:31 03-07-2021,Left Breast,,,,13,Breast Milk,,
76,23:07:44 03-06-2021,23:26:11 03-06-2021,Left Breast,,,,18,Breast Milk,,
75,22:50:49 03-06-2021,23:05:52 03-06-2021,Right Breast,,,,15,Breast Milk,,
74,19:12:48 03-06-2021,19:23:12 03-06-2021,Left Breast,,,,10,Breast Milk,,
73,18:12:00 03-06-2021,18:20:47 03-06-2021,Right Breast,,,,8,Breast Milk,,
72,16:15:28 03-06-2021,16:24:02 03-06-2021,Left Breast,,,,8,Breast Milk,,
71,14:46:39 03-06-2021,15:06:48 03-06-2021,Right Breast,,,,20,Breast Milk,,
70,13:20:11 03-06-2021,13:23:45 03-06-2021,Right Breast,,,,3,Breast Milk,,
69,13:05:21 03-06-2021,13:20:10 03-06-2021,Left Breast,,,,14,Breast Milk,,
68,09:52:53 03-06-2021,10:07:16 03-06-2021,Right Breast,,,,14,Breast Milk,,
67,07:30:29 03-06-2021,07:49:34 03-06-2021,Left Breast,,,,19,Breast Milk,,
65,04:15:00 03-06-2021,04:38:25 03-06-2021,Left Breast,,,,23,Breast Milk,,
64,02:26:14 03-06-2021,02:53:23 03-06-2021,Right Breast,,,,27,Breast Milk,,
63,01:35:41 03-06-2021,01:41:40 03-06-2021,Right Breast,,,,5,Breast Milk,,
62,21:10:17 03-05-2021,21:29:06 03-05-2021,Right Breast,,,,18,Breast Milk,,
61,19:19:39 03-05-2021,19:27:27 03-05-2021,Left Breast,,,,7,Breast Milk,,
60,18:33:05 03-05-2021,18:37:39 03-05-2021,Left Breast,,,,4,Breast Milk,,
59,17:19:17 03-05-2021,17:31:41 03-05-2021,Right Breast,,,,12,Breast Milk,,
58,17:16:09 03-05-2021,17:19:11 03-05-2021,Left Breast,,,,3,Breast Milk,,
57,15:11:26 03-05-2021,15:26:42 03-05-2021,Left Breast,,,,15,Breast Milk,,
55,13:00:10 03-05-2021,13:25:46 03-05-2021,Right Breast,,,,25,Breast Milk,,
54,11:29:34 03-05-2021,11:35:03 03-05-2021,Left Breast,,,,5,Breast Milk,,
53,10:08:25 03-05-2021,10:13:56 03-05-2021,Right Breast,,,,5,Breast Milk,,
52,08:08:49 03-05-2021,08:17:05 03-05-2021,Left Breast,,,,8,Breast Milk,,
51,06:14:18 03-05-2021,06:19:41 03-05-2021,Right Breast,,,,5,Breast Milk,,
50,04:24:59 03-05-2021,04:32:56 03-05-2021,Left Breast,,,,7,Breast Milk,,
49,02:51:00 03-05-2021,03:00:42 03-05-2021,Left Breast,,,,9,Breast Milk,,
48,00:33:18 03-05-2021,00:52:58 03-05-2021,Right Breast,,,,19,Breast Milk,,
47,20:42:39 03-04-2021,20:51:00 03-04-2021,Left Breast,,,,8,Breast Milk,,
46,19:00:28 03-04-2021,19:24:43 03-04-2021,Right Breast,,,,24,Breast Milk,,
45,16:39:43 03-04-2021,16:42:04 03-04-2021,Left Breast,,,,2,Breast Milk,,
44,15:23:56 03-04-2021,15:54:20 03-04-2021,Right Breast,,,,30,Breast Milk,,
43,14:33:32 03-04-2021,14:46:25 03-04-2021,Right Breast,,,,12,Breast Milk,,
42,12:52:29 03-04-2021,12:58:16 03-04-2021,Left Breast,,,,5,Breast Milk,,
41,11:54:19 03-04-2021,12:01:36 03-04-2021,Left Breast,,,,7,Breast Milk,,
40,09:42:58 03-04-2021,09:50:14 03-04-2021,Right Breast,,,,7,Breast Milk,,
39,08:37:04 03-04-2021,08:43:32 03-04-2021,Left Breast,,,,6,Breast Milk,,
38,06:30:53 03-04-2021,06:36:28 03-04-2021,Right Breast,,,,5,Breast Milk,,
37,04:00:37 03-04-2021,04:19:42 03-04-2021,Left Breast,,,,19,Breast Milk,,
36,01:44:55 03-04-2021,01:51:26 03-04-2021,Left Breast,,,,6,Breast Milk,,
35,01:15:48 03-04-2021,01:29:10 03-04-2021,Right Breast,,,,13,Breast Milk,,
34,00:27:32 03-04-2021,00:44:36 03-04-2021,Right Breast,,,,17,Breast Milk,,
33,22:46:03 03-03-2021,22:52:18 03-03-2021,Left Breast,,,,6,Breast Milk,,
32,19:50:22 03-03-2021,19:57:41 03-03-2021,Right Breast,,,,7,Breast Milk,,
31,18:50:17 03-03-2021,19:00:23 03-03-2021,Left Breast,,,,10,Breast Milk,,
30,17:51:16 03-03-2021,18:09:16 03-03-2021,Right Breast,,,,18,Breast Milk,,
28,15:56:02 03-03-2021,16:12:21 03-03-2021,Left Breast,,,,16,Breast Milk,,
27,14:40:28 03-03-2021,14:49:36 03-03-2021,Right Breast,,,,9,Breast Milk,,
26,13:07:52 03-03-2021,13:22:59 03-03-2021,Left Breast,,,,15,Breast Milk,,
25,10:29:40 03-03-2021,10:35:46 03-03-2021,Left Breast,,,,6,Breast Milk,,
24,09:46:53 03-03-2021,09:50:43 03-03-2021,Left Breast,,,,3,Breast Milk,,
23,08:05:11 03-03-2021,08:40:11 03-03-2021,Right Breast,,,,35,Breast Milk,,
22,05:46:20 03-03-2021,06:04:23 03-03-2021,Right Breast,,,,18,Breast Milk,,
21,04:29:32 03-03-2021,04:32:07 03-03-2021,Right Breast,,,,2,Breast Milk,,
20,02:10:43 03-03-2021,02:30:43 03-03-2021,Left Breast,,,,20,Breast Milk,,
17,23:27:43 03-02-2021,23:38:59 03-02-2021,Right Breast,,,,11,Breast Milk,,
16,19:52:02 03-02-2021,20:02:13 03-02-2021,Left Breast,,,,10,Breast Milk,,
15,18:46:40 03-02-2021,18:58:47 03-02-2021,Right Breast,,,,12,Breast Milk,,
14,17:10:59 03-02-2021,17:25:40 03-02-2021,Left Breast,,,,14,Breast Milk,,
13,16:29:58 03-02-2021,16:41:19 03-02-2021,Right Breast,,,,11,Breast Milk,,
12,14:20:19 03-02-2021,14:35:27 03-02-2021,Left Breast,,,,15,Breast Milk,,
11,13:49:51 03-02-2021,14:21:20 03-02-2021,Right Breast,,,,31,Breast Milk,,
10,12:43:46 03-02-2021,12:52:08 03-02-2021,Right Breast,,,,8,Breast Milk,,
9,10:35:09 03-02-2021,10:44:49 03-02-2021,Left Breast,,,,9,Breast Milk,,
8,09:03:32 03-02-2021,09:21:11 03-02-2021,Right Breast,,,,17,Breast Milk,,
7,06:33:45 03-02-2021,06:41:17 03-02-2021,Left Breast,,,,7,Breast Milk,,
5,04:17:35 03-02-2021,04:23:08 03-02-2021,Left Breast,,,,5,Breast Milk,,
2,02:40:37 03-02-2021,03:00:51 03-02-2021,Right Breast,,,,20,Breast Milk,,
3,00:01:41 03-02-2021,00:17:41 03-02-2021,Left Breast,,,,16,Breast Milk,,
4,20:38:32 03-01-2021,20:54:32 03-01-2021,Right Breast,,,,16,Breast Milk,,
